cond,cond_dur,Motivation,Direction,Captivation,Challenge,Competition,Completion,Discovery,Progression,Exploration,Fantasy,Humor,Nurture,Relaxation,Sensation,FreeText,test_score,test_dur,test_ffe1_1,test_ffe1_2,test_ffe1_3,test_ffe2_1,test_ffe2_2,test_ffe2_3,test_ffe3_1,test_ffe3_2,test_ffe3_3,test_ffe4_1,test_ffe4_2,test_ffe4_3
NA,NA,NA,NA,0,0,0,0,0,0,0,0,0,0,0,0,NA,NA,0,NA,NA,NA,NA,NA,NA,NA,NA,NA,NA,NA,NA
NA,NA,NA,NA,0,0,0,0,0,0,0,0,0,0,0,0,NA,NA,0,NA,NA,NA,NA,NA,NA,NA,NA,NA,NA,NA,NA
NA,NA,NA,NA,0,0,0,0,0,0,0,0,0,0,0,0,NA,NA,0,NA,NA,NA,NA,NA,NA,NA,NA,NA,NA,NA,NA
NA,NA,NA,NA,0,0,0,0,0,0,0,0,0,0,0,0,NA,NA,0,NA,NA,NA,NA,NA,NA,NA,NA,NA,NA,NA,NA
NA,NA,NA,NA,0,0,0,0,0,0,0,0,0,0,0,0,NA,NA,0,NA,NA,NA,NA,NA,NA,NA,NA,NA,NA,NA,NA
NA,NA,NA,NA,0,0,0,0,0,0,0,0,0,0,0,0,NA,NA,0,NA,NA,NA,NA,NA,NA,NA,NA,NA,NA,NA,NA
NA,NA,NA,NA,0,0,0,0,0,0,0,0,0,0,0,0,NA,NA,0,NA,NA,NA,NA,NA,NA,NA,NA,NA,NA,NA,NA
NA,NA,NA,NA,0,0,0,0,0,0,0,0,0,0,0,0,NA,NA,0,NA,NA,NA,NA,NA,NA,NA,NA,NA,NA,NA,NA
NA,NA,NA,NA,0,0,0,0,0,0,0,0,0,0,0,0,NA,NA,0,NA,NA,NA,NA,NA,NA,NA,NA,NA,NA,NA,NA
NA,NA,NA,NA,0,0,0,0,0,0,0,0,0,0,0,0,NA,NA,0,NA,NA,NA,NA,NA,NA,NA,NA,NA,NA,NA,NA
NA,NA,NA,NA,0,0,0,0,0,0,0,0,0,0,0,0,NA,NA,0,NA,NA,NA,NA,NA,NA,NA,NA,NA,NA,NA,NA
NA,NA,NA,NA,0,0,0,0,0,0,0,0,0,0,0,0,NA,NA,0,NA,NA,NA,NA,NA,NA,NA,NA,NA,NA,NA,NA
NA,NA,NA,NA,0,0,0,0,0,0,0,0,0,0,0,0,NA,NA,0,NA,NA,NA,NA,NA,NA,NA,NA,NA,NA,NA,NA
NA,NA,NA,NA,0,0,0,0,0,0,0,0,0,0,0,0,NA,NA,0,NA,NA,NA,NA,NA,NA,NA,NA,NA,NA,NA,NA
NA,NA,NA,NA,0,0,0,0,0,0,0,0,0,0,0,0,NA,NA,0,NA,NA,NA,NA,NA,NA,NA,NA,NA,NA,NA,NA
NA,NA,NA,NA,0,0,0,0,0,0,0,0,0,0,0,0,NA,NA,0,NA,NA,NA,NA,NA,NA,NA,NA,NA,NA,NA,NA
NA,NA,NA,NA,0,0,0,0,0,0,0,0,0,0,0,0,NA,NA,0,NA,NA,NA,NA,NA,NA,NA,NA,NA,NA,NA,NA
NA,NA,NA,NA,0,0,0,0,0,0,0,0,0,0,0,0,NA,NA,0,NA,NA,NA,NA,NA,NA,NA,NA,NA,NA,NA,NA
NA,NA,NA,NA,0,0,0,0,0,0,0,0,0,0,0,0,NA,NA,0,NA,NA,NA,NA,NA,NA,NA,NA,NA,NA,NA,NA
NA,NA,NA,NA,0,0,0,0,0,0,0,0,0,0,0,0,NA,NA,0,NA,NA,NA,NA,NA,NA,NA,NA,NA,NA,NA,NA
NA,NA,NA,NA,0,0,0,0,0,0,0,0,0,0,0,0,NA,NA,0,NA,NA,NA,NA,NA,NA,NA,NA,NA,NA,NA,NA
NA,NA,NA,NA,0,0,0,0,0,0,0,0,0,0,0,0,NA,NA,0,NA,NA,NA,NA,NA,NA,NA,NA,NA,NA,NA,NA
NA,NA,NA,NA,0,0,0,0,0,0,0,0,0,0,0,0,NA,NA,0,NA,NA,NA,NA,NA,NA,NA,NA,NA,NA,NA,NA
NA,NA,NA,NA,0,0,0,0,0,0,0,0,0,0,0,0,NA,NA,0,NA,NA,NA,NA,NA,NA,NA,NA,NA,NA,NA,NA
NA,NA,NA,NA,0,0,0,0,0,0,0,0,0,0,0,0,NA,NA,0,NA,NA,NA,NA,NA,NA,NA,NA,NA,NA,NA,NA
NA,NA,NA,NA,0,0,0,0,0,0,0,0,0,0,0,0,NA,NA,0,NA,NA,NA,NA,NA,NA,NA,NA,NA,NA,NA,NA
NA,NA,NA,NA,0,0,0,0,0,0,0,0,0,0,0,0,NA,NA,0,NA,NA,NA,NA,NA,NA,NA,NA,NA,NA,NA,NA
Ctr,43.513,8,5,1,1,0,1,0,0,1,0,1,0,1,0,No strategy but the use of educations affect was memorable,13,855.6709999999999,Exercise,NA,NA,Education,NA,NA,Exercise,NA,NA,Exercise,NA,NA
Exp,2009.721,6,6,1,1,0,1,0,0,1,0,1,0,1,0,I didn't followed any specific strategy and nothing prevented me from achieving what I wanted.I liked the fact that I could see how each component had an effect on something else from a game.I could find more memorable the effects that I was already aware of like education reduces smoking.,13.2,1483.276,Sleeplessness,Depression,Worry,Alcohol,BMI,Sleeplessness,BMI,Education,NA,Intelligence,Education,Sleeplessness
Ctr,378.703,5,6,1,0,0,0,0,0,1,1,1,0,0,0,"Personally, at my first try I did not have any strategy and tried to understand the software. But in my second try, I began to observe how interventions generally had an effect and tried to form a strategy.",16.2,1585.0459999999998,Not socialising,Depression,Worry,Sleeplessness,Depression,Worry,BMI,Education,NA,BMI,Diabetes,NA
Exp,1640.969,6,6,1,1,1,1,0,0,1,1,1,0,1,0,I think insomnia and loneliness are the most prevalent factors that will affect  others. Sometimes I am not entirely sure why the computer did better than me and how come the computer got the higher percentage affected. I do not quite understand how the percentage affected is worked out.,15.2,1125.968,Sleeplessness,Depression,Worry,Alcohol,BMI,Sleeplessness,BMI,Education,NA,BMI,Diabetes,Sleeplessness
Exp,335.48299999999995,6,9,1,1,1,0,0,0,0,1,1,0,1,0,"I enjoyed the game and the way it was presented, I tried to have some sort of strategy but ended up just choosing things I thought might be correct.",18.2,1036.665,Neuroticism,Depression,Worry,Intelligence,Education,Wellbeing,Not socialising,BMI,Education,Intelligence,Diabetes,Education
Ctr,216.827,5,7,0,0,0,0,0,0,1,0,1,0,0,0,I felt the sofware was hard to use. I did however find it enjoyable dragging the different factors around and seeing the increase/ decrease.,16.2,948.7710000000001,Not socialising,Sleeplessness,Depression,Eveningness,Alcohol,Intelligence,BMI,Education,NA,Intelligence,BMI,Diabetes
Ctr,353.062,5,6,1,0,0,0,0,0,1,1,1,0,1,0,"I found it quite complicated to begin with, I didn't have a strategy other than to experiment with it. The effects were memorable and it was nice to see how they all interlinked.",17.2,787.273,Sleeplessness,Depression,Worry,Intelligence,Education,NA,Education,NA,NA,Intelligence,Education,NA
Ctr,240.218,NA,NA,0,0,0,0,0,0,0,0,0,0,0,0,NA,NA,0,NA,NA,NA,NA,NA,NA,NA,NA,NA,NA,NA,NA
Ctr,21815.333,5,5,1,1,0,0,0,0,1,0,1,0,1,0,"I did not have a strategy, I just explored the software and experimented by changing diffrent things and seeing what affect this would have.",17.2,1402.578,Alcohol,Exercise,Not socialising,Intelligence,Exercise,Education,Intelligence,Exercise,Coffee intake,Alcohol,Intelligence,Exercise
Exp,229.782,6,5,1,1,1,0,0,0,0,1,1,0,1,0,"Wonderful presentation, very interesting and fun to interact with the game. I began remembering what trait lowered and increased other traits. The soundtrack to the game is very well done.",15.2,1027.67,Depression,NA,NA,Education,NA,NA,Intelligence,NA,NA,Education,NA,NA
Exp,765.706,6,7,1,0,0,0,0,0,0,1,1,0,0,0,It was a somewhat immersive experience that distracted me for a while.,16.2,659.114,Exercise,NA,NA,Education,NA,NA,Worry,NA,NA,Exercise,NA,NA
Ctr,9.958,4,5,1,1,1,1,0,0,1,1,1,0,1,0,In order to make the interventions I looked at all of the different things I could do to intervene. Education was the thing that affected all of the others the most and so I kept clicking that one in order to improve others e.g. intelligence.,15.2,1060.846,Exercise,CHD,Smoking,Eveningness,BMI,Smoking,Intelligence,Exercise,BMI,BMI,Diabetes,Sleeplessness
Ctr,14.376,6,9,1,1,1,1,0,0,1,1,1,0,1,0,"I found the simulation quite confusing at first, but then I got the hang of it. I still was a bit lost when a ripple effect was caused by a single intervention though, as the changes were expressed simultaneously and I simply couldn't keep up. I thought it was a fun game though!",16.2,1309.426,Depression,Worry,NA,Intelligence,NA,NA,BMI,NA,NA,Diabetes,NA,NA
Ctr,12.486999999999995,8,5,0,0,0,0,0,0,0,0,1,0,0,0,"It was slightly confusing, sometimes the colours faded and the arrows got huge. Also, some them had nothing happen after. I just clicked on ones that interested me and then clicked on another one. The presentation was good, my only problem was that it was slightly overwhelming and at time unclear.",16.2,1237.029,Sleeplessness,NA,NA,Education,NA,NA,Education,NA,NA,Education,NA,NA
Exp,1087.256,5,6,1,1,0,1,0,0,1,1,1,0,1,0,i tried to lower/increase the things i think would help me increase/decrease the things the game asked me to,15.2,535.782,Loneliness,Neuroticism,Depression,Loneliness,Wellbeing,Worry,Intelligence,Education,Depression,Alcohol,Exercise,BMI
Ctr,942.588,4,4,1,0,0,1,0,0,1,0,1,0,0,0,I found the experience very enjoyable. I didn't have a specific strategy; I just tried to implement interventions that I thought would cause the most widespread effects. I enjoyed watching the chain-reactions of some of my decisions.,16.2,2004.499,Sleeplessness,Depression,Worry,Intelligence,Education,Depression,Alcohol,Education,Depression,BMI,Education,Sleeplessness
Exp,930.606,4,4,1,1,1,1,0,0,1,1,1,0,1,0,As I gained more intervention uses per round the AI would use them in a different way to me that would bring a greater effect so I tried to follow it's strategy. The presentation was nice and I like the sound design.,17.2,1558.614,Sleeplessness,Loneliness,Worry,Alcohol,Education,Sleeplessness,Alcohol,BMI,Education,Education,Sleeplessness,Loneliness
Ctr,18.087,5,6,0,0,0,0,0,0,1,0,1,0,1,0,"nope, i was confused initially, i thought you could change whetehr you wanted to increase or decrease the effects as opposed to only do them one way.",16.2,899.934,Sleeplessness,Depression,Worry,Alcohol,Intelligence,Education,BMI,Education,NA,Diabetes,Education,Sleeplessness
Exp,351.426,5,6,1,1,1,0,0,0,1,1,1,0,1,0,I found the presentation of the stimulus quite complex t first but was able to adjust to it rather quickly. My strategy was to look into the trait that needed changing and then figure out which other trait would best lead me to do this,15.2,1041.5430000000001,Exercise,Education,Sleeplessness,Loneliness,Depression,NA,Education,Sleeplessness,NA,Education,NA,NA
Ctr,60.958,5,5,1,0,0,1,0,0,1,1,1,0,1,0,"I had a few strategies like increasing education, socialization and excercise, etc as interventions. At times, I felt a bit confused so I wasn't achieve somethings like reducing neuroticism. I found the effect of reducing coffee intake on insomnia memorable. I don't really have any opinions regarding the presentation.",12.2,1086.964,Alcohol,Exercise,Not socialising,Intelligence,Exercise,Worry,Neuroticism,Depression,Worry,Alcohol,Exercise,Smoking
Exp,16.815,7,6,0,1,1,0,0,0,1,1,1,0,0,0,"At first I found it difficult to understand, but I developed a strategy pretty quickly.",13.2,1186.741,Depression,NA,NA,Sleeplessness,NA,NA,Education,NA,NA,BMI,NA,NA
Ctr,14.76,6,5,0,1,0,0,0,0,1,1,0,0,0,0,"slightly confessing, didn't fully understand how to reduce certain experiences. overall good layout and easy to manage.",13.6,641.1560000000001,Exercise,BMI,NA,Education,Loneliness,Depression,Intelligence,Exercise,BMI,BMI,Diabetes,Smoking
Exp,393.287,6,5,1,1,1,0,0,0,1,1,0,0,0,0,Some of the questions would appear multiple times which improved how well I memorised the answers,17.2,1232.097,Sleeplessness,Depression,Worry,Intelligence,Education,Sleeplessness,BMI,Education,NA,Intelligence,Education,Sleeplessness
Ctr,13.45,6,6,1,0,0,0,0,0,0,1,1,0,1,0,i liked the little arrows- i was pretty motivated to make changes and i enjoyed it. I dont think i really learned anything that wasnt common sense though,17.2,584.172,Alcohol,BMI,Education,Alcohol,BMI,Education,BMI,Education,Depression,BMI,Diabetes,Education
Ctr,13.093,6,6,0,1,0,0,0,0,0,0,1,0,0,0,very visually stimulating which made it more exciting to interact with. It was interesting and to some extent satisfying to see the kind of wide-spread effect that one intervention could have.,16.2,1913.376,Exercise,Not socialising,Smoking,Intelligence,Exercise,Education,Alcohol,Intelligence,BMI,Intelligence,BMI,Education
Exp,141.932,6,6,1,0,0,1,0,0,1,1,1,0,1,0,i had not a clue what was going on i am not going to lie to you,13.2,565.288,Neuroticism,Depression,Worry,Alcohol,Intelligence,Exercise,BMI,NA,NA,Exercise,NA,NA
Exp,975.524,7,8,0,0,0,0,0,0,0,0,1,0,1,0,I did not really enjoy the software because I do not think it was clear enough about how to win. This may of been because I did not have strategy though.,19.2,755.375,Sleeplessness,Depression,Worry,Alcohol,Education,Sleeplessness,Not socialising,BMI,Education,BMI,Diabetes,NA
Ctr,165.263,5,6,1,0,0,1,0,0,1,1,1,0,1,0,"I was mainly trying to induce positive effects. I would get frustrated if I was trying to do that and other factors on the task stopped that from happening. I think it was an interesting presentation and found it overall enjoyable, although it took a while to grasp and I did find it looked confusing at first",15.2,936.274,Alcohol,BMI,CHD,Intelligence,Education,NA,Education,NA,NA,Intelligence,Education,NA
Exp,222.583,6,6,0,1,0,0,0,0,0,0,0,0,1,0,I think it was a good game and I was motivated but found it difficult on a phone as couldn't really see the instructions which made knowing how to play it a bit difficult,18,1066.94,Sleeplessness,Depression,Worry,Alcohol,Intelligence,Exercise,Intelligence,Exercise,Wellbeing,Exercise,Smoking,Education
Ctr,78.822,5,4,1,0,0,0,0,0,1,0,1,0,0,0,I enjoyed using this software and found it very interactive. I tended to try and separate out certain factors and have a look at which factors were linked to lots of other factors. I think for some people they may find it overwhelming to look at as there is quite a lot going on within one diagram. Although for people who are visual learners it would definitely have a big effect. I think it was quite memorable seeing the effects of insomnia and sleep on your well-being and how all these factors link to one another.,12.2,1414.317,Alcohol,NA,NA,Intelligence,BMI,Education,BMI,Education,NA,Intelligence,Diabetes,Education
Exp,129.92499999999995,6,5,1,1,1,1,0,0,1,1,1,0,0,0,"It was captivating but also quite confusing to know what the goal is and how to achieve it. However, it was interesting to see what affected what in the game and it was quite fun. The instructions could have been clearer and the presentation as well because it was all overlapping so there was a lot going on.",16,1330.493,Sleeplessness,Depression,Worry,BMI,Sleeplessness,Depression,BMI,Education,Depression,BMI,Diabetes,Sleeplessness
Exp,825.218,6,7,0,1,1,1,0,0,1,1,1,0,1,0,"It was strange considering the interventions for each goal didn't always make much sense. The first time I played the game it crashed/stopped working so I lost all my progress which was irritating. I liked the level up part, it made me motivated to keep going and progress through the levels. The actual presentation of the game was well-made and exciting, I can see how it would be an enticing method of learning",16.2,1148.562,Sleeplessness,Depression,Worry,Alcohol,BMI,Sleeplessness,BMI,Education,NA,Intelligence,Education,Sleeplessness
Exp,1497.075,7,5,0,1,0,0,0,0,1,1,1,0,0,0,I feel like the pulsating icons/arrows distracted me when trying to work out the interventions. I did not have a strategy.,16.2,2464.546,Sleeplessness,Depression,Worry,Intelligence,BMI,Education,Alcohol,BMI,Education,Intelligence,Diabetes,Education
Exp,555.558,5,4,1,1,1,0,0,0,1,1,1,0,1,0,"I had no strategy, just look to see which arrows were most prominent etc. It made the relationships between the factors a lot more memorable.",14.2,546.467,Sleeplessness,Depression,Worry,Exercise,Education,Depression,Intelligence,Education,Sleeplessness,BMI,Diabetes,Smoking
NA,NA,NA,NA,0,0,0,0,0,0,0,0,0,0,0,0,NA,NA,0,NA,NA,NA,NA,NA,NA,NA,NA,NA,NA,NA,NA
Ctr,10.589,5,5,0,0,0,0,0,0,1,0,1,0,0,0,The presentation was easy to interact with and interesting to work around,17.2,727.323,Depression,NA,NA,BMI,NA,NA,Education,NA,NA,BMI,NA,NA
Ctr,751.617,6,5,1,0,0,0,0,0,1,0,1,0,0,0,I started by getting to know the software and what each button would do and then I targeted interventions to improve wellbeing and increase it while lowering negative traits like depression. The software was unlike anything I have used before so it was memorable and fun to play around with it and I liked the fact that it was something new. I think it is memorable as I can still picture it in my head/visualise it.,15.2,883.298,Sleeplessness,Depression,Worry,Alcohol,BMI,Sleeplessness,BMI,Education,NA,Intelligence,BMI,Education
Exp,1272.999,4,4,1,1,1,1,0,0,1,1,1,0,1,0,"It was interesting getting to grips with the simulation I quickly learnt how to reduce behaviour and it became easier to spot pathways to reduce patters. The presentation of the game was really interesting and I would definately play again, I especially liked the interaction with the computer that I was competing with something to make a positive effect.",15.2,1026.205,BMI,Diabetes,CHD,Intelligence,Education,NA,Education,NA,NA,Intelligence,Education,NA
Exp,1243.01,5,5,0,1,1,1,0,0,1,1,1,0,0,0,I liked the sounds and animations,13.2,542.884,Sleeplessness,Loneliness,Depression,Alcohol,BMI,Education,Alcohol,Exercise,BMI,Alcohol,BMI,Education
Ctr,15.698,5,6,0,0,1,0,0,0,1,1,1,0,1,0,"At first I found the software confusng, however after getting the hang of it I started developing strategies to improve the overall health.",18.2,629.898,BMI,NA,NA,BMI,NA,NA,Education,NA,NA,Education,NA,NA
Ctr,98.196,8,8,1,1,0,0,0,0,1,0,1,0,0,0,I might've done something wrong because it got very confusing and that gave me anxiety.,19.2,1162.413,BMI,NA,NA,Intelligence,NA,NA,Alcohol,NA,NA,Diabetes,NA,NA
Exp,97.636,4,4,1,1,1,1,0,0,0,1,1,0,0,0,I just tried to follow the links to see which one would have the bigger outcome and affect on the named factor,19.2,624.343,BMI,NA,NA,Eveningness,NA,NA,Education,NA,NA,BMI,NA,NA
Ctr,38.461,4,4,1,0,0,0,0,0,0,1,1,0,0,0,I quite like the way it was presented as you can see how a series of variables all interact with one another,15.2,809.263,Exercise,Not socialising,NA,Eveningness,Exercise,NA,Alcohol,Exercise,Education,Alcohol,Exercise,Not socialising
Ctr,88.057,5,5,0,0,0,0,0,0,1,1,1,0,0,0,"It went really faster after a while, but the pictures and diagram were really interactive",14.6,1348.944,Sleeplessness,Depression,Worry,Alcohol,Education,Sleeplessness,BMI,Education,NA,BMI,Education,Sleeplessness
Exp,298.041,6,5,0,1,1,0,0,0,0,0,1,0,0,0,I found the software a little confusing to use. I just clicked a lot because my original strategies were undermined.,10.2,230.073,Exercise,NA,NA,Loneliness,NA,NA,Coffee intake,NA,NA,Exercise,NA,NA
Ctr,52.297,7,10,0,0,0,0,0,0,1,1,0,0,1,0,"i did not have any sort of strategy when using the software, also i did not particularly find the effects very memorable",18.2,822.574,Exercise,Loneliness,Depression,Loneliness,Depression,Worry,Intelligence,Education,NA,Exercise,BMI,Education
Exp,196.956,6,5,0,0,1,0,0,0,1,1,1,0,1,0,"I found it slightly difficult to understand at the beginning.  I didn't particularly have a strategy, I just tended to choose the interventions linked by the arrows.  An effect i found memorable was the impact education had",16.2,1008.592,Loneliness,Depression,Worry,Intelligence,BMI,Sleeplessness,BMI,Education,NA,BMI,Education,Sleeplessness
Exp,1343.623,7,9,1,1,1,1,0,0,0,0,1,0,0,0,"I found it quite frustrating because the computer kept winning by intervening with insomnia, depression, loneliness and worry even when I could not see an arrow connecting the goal to these factors, which made me very very frustrated",13.2,888.368,Sleeplessness,Depression,Worry,Alcohol,Education,Sleeplessness,BMI,Education,NA,BMI,Education,Sleeplessness
Exp,620.705,4,5,1,1,1,1,0,0,0,1,1,0,1,0,At first it was a bit hard to navigate since I felt like the game's design is not the clearest. I did get the hang of it after a couple of rounds and noticed myself trying different strategies. The effect's would have been memorable if the game's presentation was a bit more clear.,17.2,1106.152,Exercise,Education,Depression,Coffee intake,Loneliness,Wellbeing,Alcohol,BMI,Depression,BMI,Diabetes,Wellbeing
NA,NA,NA,NA,0,0,0,0,0,0,0,0,0,0,0,0,NA,NA,0,NA,NA,NA,NA,NA,NA,NA,NA,NA,NA,NA,NA
Exp,557.882,6,6,1,1,1,1,0,0,1,0,1,0,1,0,I would place the icons slightly further apart as it felt slightly cramped,19.2,1300.8890000000001,Alcohol,NA,NA,BMI,NA,NA,BMI,NA,NA,Intelligence,NA,NA
Ctr,28.317,8,7,0,0,0,1,0,0,1,0,1,0,1,0,"Whilst I was confused at first after I somewhat understood the point of the task and began moving things it became quite thought provoking. I had no particular strategy, just made sure to click on each icon and move it appropriately. The noise effect was very memorable and stood out to me the most. Good presentation, lots of colour used appropriately, however, it was confusing following all the arrows' placements.",17.2,1573.888,BMI,NA,NA,Intelligence,NA,NA,BMI,NA,NA,BMI,NA,NA
Ctr,26.399,5,5,1,0,0,0,0,0,1,1,1,0,1,0,I didn't have a strategy initially I just explored the different interventions and when I had more of an idea of how the software worked I reset it and started again this time trying to do the biggest interventions first. I think the effects were memorable at the beginning however they went very fast sometimes and were harder to follow. Overall I liked the presentation as I think it was good to learn visually rather than by reading.,18.2,1164.982,Sleeplessness,Depression,Worry,Intelligence,Education,NA,Education,NA,NA,BMI,NA,NA
Exp,521.971,5,5,0,1,0,0,0,0,1,0,1,0,1,0,"I was trying to figure out how to use the map to choose the best way to solve the issue. I thought the presentation of the software was done really well, very clean and nice to follow",14,582.302,Exercise,NA,NA,Education,NA,NA,Worry,NA,NA,Exercise,NA,NA
Ctr,202.199,5,5,0,0,0,0,0,0,1,0,1,0,1,0,"I think it was really engaging how I was able to click and hover over the different icons and see how one affects another. I think some of the effects, especially the effect of education on health conditions, is very memorable. I did not have a proper strategy but I tried to look for the things that were indicated at the beginning such as the effect of education and the correlation between BMI and heart diseases.",17.2,1448.589,Loneliness,Depression,Worry,Alcohol,Intelligence,Education,BMI,Education,NA,BMI,Education,Sleeplessness
Ctr,357.167,5,8,1,1,0,0,0,0,0,1,1,0,1,0,"At the beginning I didn't really know what to do, so it was fun to learn how everything worked on my own. I also started paying more attention to what I was choosing, and it made the whole game more challenging as there were many links between the traits.",18.2,1654.205,Sleeplessness,Depression,Worry,Intelligence,BMI,Sleeplessness,BMI,Education,NA,Education,Sleeplessness,NA
Ctr,52.29,5,6,1,0,0,0,0,0,1,1,1,0,1,0,"I found the software quite simple. It had no ending and I could leave it at any time, and this made me feel like the software didn't have an aim or achievement in the end.",14.2,1535.802,Sleeplessness,Loneliness,Depression,Intelligence,Education,NA,Intelligence,Exercise,Education,Alcohol,BMI,Education
Exp,101.423,4,4,0,0,0,1,0,0,0,0,1,0,0,0,I found that sometimes I tried to use the arrows to make my decision and then the computer came up with a more successful intervention that I could have come up with if I'd use common sense instead. So it successfully brings your attention to interventions that could be used in our lives.,14.2,1195.396,Worry,NA,NA,Education,NA,NA,Education,NA,NA,Intelligence,NA,NA
Ctr,346.847,5,6,0,0,0,1,0,0,1,1,1,0,0,0,"I did not approach the software with a strategy. I noticed that increasing education would decrease exercise and increase eveningness, this was memorable for me as i found myself thinking back to times where i had stayed up to study or had forfeited exercise or walks to study. In my opinion, the presentation was a little bit messy as the arrows intersected a lot and caused confusion occasionally. However, i did like that hovering over the icons would show you which trait was directly linked to it. This provided some clarity as to which factors I was impacting.",15.2,1672.124,Sleeplessness,Worry,NA,Intelligence,Education,NA,Education,NA,NA,Intelligence,Education,NA
Exp,1888.9630000000002,9,6,1,1,1,1,0,0,1,1,1,0,1,0,I found it confusing what I could and coulnd't clicke and how some of them weren't linked to certain goals,14.2,541.948,Depression,NA,NA,Sleeplessness,NA,NA,Education,NA,NA,Education,NA,NA
Ctr,39.794,6,5,0,1,0,0,0,0,1,1,1,0,0,0,"At first I did not have a strategy and I was a bit confused about the software. I still feel like it's a bit hard to understand and difficult to achieve a specific goal. I find it very interesting how every thing affects and has an impact on a lot of other things, that I wasn't even aware of.",17.2,1658.2620000000002,Sleeplessness,Depression,Worry,Intelligence,Education,NA,BMI,Education,NA,Intelligence,Diabetes,Education
Exp,367.405,6,6,1,1,1,1,0,0,1,1,1,0,1,0,"i learned a lot from playing the game.. i was especially surprised by things that i had no idea about such as ""insomnia lowers down heart disease"". i didn't really have a strategy and at first, i was confused on what i was supposed to do. but then i got the hang of it and i did pretty well. there were times that were abit frustrating when playing the game because computer beat me to it in some parts which made me feel dumb. but hey, i learn something new everyday. i also liked the design of the game software. the colours were bright and the display of the symbols/images were clear. overall, i had a fun playing the game",17.2,1560.868,Sleeplessness,Depression,Worry,Alcohol,BMI,Sleeplessness,Education,NA,NA,Intelligence,Education,NA
Exp,281.771,5,5,0,1,1,1,0,0,1,1,1,0,1,0,Tried to find the root cause but often found that the best solution was the one directly influencing. Education became my go to when selecting solutions most of the time. The presentation was fun and the soundtrack noise was soothing/ enjoyable,20.2,610.89,Worry,NA,NA,Sleeplessness,NA,NA,Education,NA,NA,Exercise,NA,NA
Exp,285.616,6,5,1,1,1,1,0,0,0,1,1,0,1,0,I just mapped out the arrows and looked for the biggest effect,18.2,774.456,Exercise,NA,NA,Education,NA,NA,Education,NA,NA,Intelligence,NA,NA
Ctr,9.187,6,5,1,0,0,1,0,0,0,1,0,0,0,0,i found the effects of exercise and socialisation vast.,12.2,580.158,Exercise,Not socialising,Smoking,Eveningness,Intelligence,NA,Intelligence,BMI,Education,Alcohol,Exercise,Smoking
Ctr,245.9,8,6,0,1,0,0,0,0,1,1,1,0,1,0,it was difficult to understand at first,16.2,775.06,Exercise,Not socialising,Education,Exercise,Education,Wellbeing,Alcohol,BMI,Education,BMI,Smoking,Education
NA,NA,NA,NA,0,0,0,0,0,0,0,0,0,0,0,0,NA,NA,0,NA,NA,NA,NA,NA,NA,NA,NA,NA,NA,NA,NA
Exp,73.97,5,5,1,0,0,1,0,0,1,1,1,0,0,0,analysis of all the arrow colour and directions in relation to the specific task I had at each level,15.2,860.4540000000001,Education,NA,NA,Education,NA,NA,Education,NA,NA,Education,NA,NA
Ctr,99.795,7,7,1,0,0,0,0,0,1,0,1,0,1,0,I thought it was a very good experience,13.2,1034.935,Sleeplessness,Depression,Worry,Alcohol,BMI,Education,BMI,Education,NA,BMI,Education,Sleeplessness
Exp,1406.371,5,4,0,0,0,0,0,0,0,0,1,0,0,0,"I liked the space theme and my task. However, it was hard to tell what I had just done. For example, I'd forget which trait I just intervened on and it was tricky to figure out why I was successful or not in the task. The icons would move and be highlighted which was confusing and often frustrating when I was trying to finish the task.",15.2,1063.159,Sleeplessness,Depression,Worry,Alcohol,Education,Sleeplessness,BMI,Education,Sleeplessness,BMI,Education,Sleeplessness
Exp,121.716,8,5,0,1,0,1,0,0,1,1,1,0,0,0,I think some of the effects were memorable however I didn't really have a strategy,13.2,643.929,Intelligence,Exercise,Not socialising,Intelligence,Exercise,BMI,Intelligence,Exercise,Education,BMI,Diabetes,Education
Exp,816.8299999999999,5,5,1,1,0,1,0,0,1,1,1,0,1,0,Some of the parts of the game I didn't fully understand but I did get it by the end.,16.2,667.689,Sleeplessness,Depression,Worry,Alcohol,Education,Sleeplessness,Exercise,BMI,Education,Exercise,BMI,Education
Ctr,254.797,7,7,0,0,0,1,0,0,1,0,1,0,0,0,I found it interesting but the presentation was slightly confusing and hard see individual components,18.2,1034.875,Sleeplessness,Depression,Worry,Alcohol,Education,Sleeplessness,Not socialising,BMI,CHD,BMI,Smoking,Education
Exp,457.526,4,5,1,0,1,0,0,0,1,0,1,0,1,0,"I found the effects memorable, and it would be a good way to educate younger children. Initially I was not as confident with finding answers, but after the computer got it right a few times and I could see the response it became easier to work out what kind of thing I should be picking.",17,1228.497,Intelligence,Exercise,Not socialising,Alcohol,BMI,Sleeplessness,Exercise,Education,Wellbeing,Alcohol,Exercise,BMI
Exp,335.904,5,8,0,1,0,0,0,0,1,1,1,0,1,0,"Found it difficult, but it was memorable",13.2,688.37,Depression,NA,NA,Education,NA,NA,Education,NA,NA,Education,NA,NA
Exp,931.192,7,7,1,0,1,1,0,0,0,0,1,0,0,0,"Was confusing, ended up doing trial and error for most of the game",11.2,805.126,Depression,Worry,NA,Exercise,Wellbeing,Depression,Intelligence,Exercise,NA,Exercise,Diabetes,Smoking
Exp,1339.038,5,5,1,0,1,0,0,0,1,1,1,0,1,0,"It felt a bit simplistic and obvious what is expected of you. I also found it a bit visually confusing, not always being able to see what the arrows were pointing at. Having to watch the effects spread through the network after each intervention got a bit annoying.",18.2,1069.99,Sleeplessness,Depression,Worry,Intelligence,Education,NA,NA,NA,NA,BMI,Education,NA
Ctr,26.955,5,5,1,1,0,0,0,0,1,0,1,0,1,0,I mainly focused on the aspects that most related to my life such as education to see if I follower the patterns of the health effects such as coffee and sleep which was really interesting,16.2,1183.0629999999999,Sleeplessness,Depression,Worry,Alcohol,BMI,Sleeplessness,Alcohol,BMI,Education,BMI,Diabetes,Sleeplessness
Exp,1757.687,5,5,0,1,1,1,0,0,1,1,1,0,0,0,"Was interesting, harder than I thought",15.2,975.439,Intelligence,Exercise,Not socialising,Eveningness,Exercise,Education,Alcohol,Intelligence,Exercise,Exercise,BMI,Smoking
Ctr,871.778,4,5,1,1,0,0,0,0,1,1,1,0,1,0,I actually really enjoyed using the software as I found that I wasn only focusing on the task at hand and my mind was not overthinking or wandering as usual.,14.2,966.429,Sleeplessness,Depression,Worry,Intelligence,Education,Sleeplessness,BMI,Education,NA,Intelligence,Smoking,Education
Ctr,21.997,4,4,1,0,0,0,0,0,1,1,1,0,1,0,"I intervened more with the negative traits which had thick arrows to other traits, as that showed that there was a stronger relationship between those two traits. I found it somewhat surprising in some occasions when i Intervened and the effect was so widespread amongst so many different traits/behaviours. I thought that the presentation was clear and effective. I enjoyed seeing all the domino effects that intervening with a singular trait created across multiple different traits.",18.2,1050.151,Sleeplessness,Depression,Worry,Intelligence,Education,Sleeplessness,Alcohol,BMI,Education,BMI,Diabetes,Sleeplessness
Exp,1502.043,6,5,1,1,1,0,0,0,1,1,1,0,1,0,I followed the paths logically and learnt from the computer's answers,19.2,871.767,Alcohol,BMI,Education,Intelligence,Education,Loneliness,BMI,Education,NA,BMI,Education,Sleeplessness
Exp,891.494,5,5,1,1,0,1,0,0,1,1,1,0,0,0,"I couldn't rechoose another option to intervene with if I had changed my mind, and when some objectives were to lower a specific trait, intervening raised them.",18.2,1701.254,Sleeplessness,Depression,Worry,Alcohol,Education,Sleeplessness,Alcohol,BMI,Education,BMI,Education,Sleeplessness
Ctr,16.553,5,5,0,0,0,0,0,0,1,1,1,0,1,0,I think it shows a clear representation of how the mind and body are linked and how tackling mental health can affect physical symptoms and vice versa.,13.2,953.3240000000001,Sleeplessness,Depression,Worry,Alcohol,BMI,Sleeplessness,Education,NA,NA,Intelligence,Education,NA
Ctr,36.043,6,6,0,1,0,0,0,0,1,1,1,0,1,0,it was kind of confusing,16.2,1249.539,Neuroticism,Depression,Worry,Eveningness,Intelligence,Loneliness,Intelligence,BMI,Education,Exercise,Diabetes,Education
Ctr,22.923,7,7,1,0,0,0,0,0,1,0,1,0,0,0,i just tried to move things arround and see how other elements were affected,14.2,857.008,Depression,NA,NA,Education,NA,NA,Wellbeing,NA,NA,Education,NA,NA
Ctr,60.992,6,6,0,1,0,0,0,0,0,0,1,0,0,0,i thought it was very well thought out and i found it enjoyable and visually pleasing,12.2,464.457,Exercise,NA,NA,Depression,NA,NA,Education,NA,NA,Alcohol,NA,NA
Ctr,25.402,6,5,0,0,0,0,0,0,1,1,1,0,0,0,"Very explorative, just testing out the result of different interventions without particular strategy",13.2,1289.742,Education,NA,NA,Education,NA,NA,Education,NA,NA,Diabetes,NA,NA
Exp,1045.969,5,4,0,1,1,1,0,0,0,1,1,0,1,0,I thought it was a fun strategic game that introduced me to different ways to promoting good traits and diminishing bad traits that one may encounter in daily life.,14.8,965.829,Sleeplessness,NA,NA,Intelligence,NA,NA,Education,NA,NA,Intelligence,NA,NA
Exp,279.382,8,8,0,1,1,0,0,0,1,0,1,0,1,0,i found the layout very confusing but this could be because im not used to playing games at all,13.2,554.666,Exercise,NA,NA,Education,NA,NA,Education,NA,NA,Education,NA,NA
Exp,2148.768,4,9,0,1,1,1,0,0,1,1,1,0,1,0,"I had to play the game for a while until I completely understood what the arrows did the the effect of interventions, for example, for bad things the intervention would affect the other things in an opposite way to the arrow colours. If an arrow would reduce something, doing an intervention on a negative variable, would increase that thing.",15.2,1017.332,Education,Loneliness,Worry,Intelligence,Education,Wellbeing,Education,Sleeplessness,Loneliness,Exercise,BMI,Education
Ctr,26.644,6,5,1,0,0,0,0,0,1,0,1,0,1,0,I focussed on the educational aspect and health as they seemed to have several positive effects. I enjoyed the visuals of the presentation although found the arrows a little confusing and when i moved any of the bubbles it would make the whole thing look like a mess.,17.2,733.154,Sleeplessness,Depression,Worry,Intelligence,Loneliness,Wellbeing,Intelligence,Exercise,Education,Alcohol,Diabetes,Smoking
Exp,74.124,5,5,0,1,1,0,0,0,1,1,1,0,0,0,I didn't really have a strategy and it took me a while to get the hang of it,16.2,927.732,Eveningness,Exercise,BMI,Eveningness,Intelligence,Diabetes,Eveningness,Intelligence,Not socialising,BMI,Diabetes,Smoking
Ctr,21.341,7,7,0,0,0,0,0,0,0,0,0,0,0,0,"It was very confusing, I didn't know what to expect and instructions were unclear. I think this software could be very helpful to see a chain of effects as a result of certain behaviours. I did not have a strategy as I didn't know what the aim was or what I was trying to achieve.",14.2,1704.494,Loneliness,Depression,Worry,Eveningness,Exercise,Wellbeing,Exercise,Education,Worry,BMI,Diabetes,Smoking
Exp,148.899,6,5,0,1,1,1,0,0,1,1,1,0,1,0,"I found it quite confusing, when the computer beat me in a task it was not really explained why. However, I developed a sort-of strategy of trying to find the thickest lines or correlation between traits and work with those, or look at traits that had another linkage in common. The presentation was confusing, but I think that was the point.",18.2,1399.233,Sleeplessness,Depression,Worry,Intelligence,Education,NA,Education,NA,NA,Intelligence,Education,Wellbeing
Exp,384.762,6,5,0,1,1,1,0,0,1,1,1,0,1,0,"Thinking logically helped me the most, and after a while you tend to start memorising what affects what which makes it easier",18.2,556.179,Sleeplessness,Depression,Worry,Intelligence,Education,Wellbeing,Education,Wellbeing,Depression,Intelligence,BMI,Education
Ctr,22.779,5,5,1,0,0,0,0,0,0,1,1,0,0,0,It was interesting to look at the interactions between a range of different things which effect day to day life,17.2,1406.175,Sleeplessness,Depression,Worry,Intelligence,BMI,Sleeplessness,BMI,Education,NA,BMI,Diabetes,Education
Exp,2281.3289999999997,9,5,1,0,1,0,0,0,0,1,0,0,0,0,Looked at the arrows to see associations and payed attention to the computers choices. The software was clean and well presented but I did quickly get bored as it felt like I was doing the same thing over again with no real purpose.,6.2,219.133,NA,NA,NA,NA,NA,NA,NA,NA,NA,NA,NA,NA
Ctr,106.449,NA,NA,0,0,0,0,0,0,0,0,0,0,0,0,NA,NA,0,NA,NA,NA,NA,NA,NA,NA,NA,NA,NA,NA,NA
Ctr,32.03,4,5,0,1,0,1,0,0,0,1,0,0,0,0,I did not use a specific strategy I moslty clicked on the interventions I was interested in the most,NA,0,NA,NA,NA,NA,NA,NA,NA,NA,NA,NA,NA,NA
Ctr,48.609,6,8,0,1,1,0,0,0,1,1,1,0,1,0,I did not have a strategy.,14,642.558,Not socialising,NA,NA,Loneliness,NA,NA,Exercise,NA,NA,BMI,NA,NA
Ctr,10.801,6,6,1,1,0,1,0,0,1,0,1,0,1,0,really enjoyed it,12.4,574.047,Exercise,Coffee intake,Not socialising,Neuroticism,Wellbeing,Depression,Intelligence,Exercise,Coffee intake,Coffee intake,Not socialising,BMI
Exp,114.08,5,6,1,0,0,0,0,0,1,1,1,0,1,0,I found not having a set strategy useful as I just went along with the experience and allowed myself to get lost.,4.2,140.89600000000002,NA,NA,NA,NA,NA,NA,NA,NA,NA,NA,NA,NA
Ctr,33.03,7,6,1,1,0,0,0,0,1,0,1,0,0,0,It was quite confusing but was interesting layout e.g. not just words on a screen,12.2,1155.1779999999999,Eveningness,Intelligence,Depression,Alcohol,Education,Sleeplessness,Education,NA,NA,BMI,Smoking,Education
Ctr,368.345,4,4,0,0,0,0,0,0,1,1,1,0,1,0,It was very interesting to see how one thing can affect many others. We are usually not aware of all the consequences of an action and this software makes you really understand this,15.2,1119.765,Sleeplessness,Loneliness,Depression,Intelligence,Education,Sleeplessness,BMI,Education,NA,BMI,Education,Sleeplessness
Exp,295.884,5,5,1,1,1,0,0,0,0,1,1,0,1,0,The software was really intriguing and an interesting way of approaching mental and physical health. It was difficult to see some of the arrows as were small or hidden by other arrows.,17,1008.067,Exercise,NA,NA,Wellbeing,Depression,Worry,Not socialising,NA,NA,Intelligence,NA,NA
Ctr,437.108,8,6,1,0,1,0,0,0,1,1,1,0,1,0,"The rapid change of arrows felt somewhat overwhelming when I would make certain interventions, which made it difficult to follow at times.",13.2,1668.6860000000001,Sleeplessness,Depression,Worry,BMI,Sleeplessness,Loneliness,Alcohol,BMI,Education,Alcohol,BMI,Diabetes
Exp,2881.62,4,5,0,1,1,1,0,0,1,1,1,0,0,0,"I really enjoyed the software, especially the layout showing how interlinked all the various traits are and the multitude of effects each intervention can have.",17.2,865.394,Sleeplessness,Depression,Worry,Education,Neuroticism,NA,BMI,Education,NA,BMI,Education,Sleeplessness
Ctr,553.654,7,8,1,1,1,1,0,0,1,0,1,0,1,0,I think the effects are not quite memorable because the animation of how things interact is too quick and lacks explanation so I did not quite catch up with it.,19.2,1842.278,Sleeplessness,Depression,Worry,BMI,Education,Sleeplessness,BMI,Education,Sleeplessness,BMI,Diabetes,Sleeplessness
Ctr,51.816,4,5,0,0,0,0,0,0,0,0,0,0,0,0,Increasing education and exercise in order to promote healthy sleeping scheduled and to keep bmi and heart illness down.,14.2,525.934,Intelligence,Exercise,Not socialising,Intelligence,Loneliness,Worry,Intelligence,Exercise,Worry,Exercise,BMI,Diabetes
Exp,121.239,5,5,1,1,1,0,0,0,1,0,1,0,1,0,"initially I did not have a strategy, but as the game processed I started producing patterns for the same issues. at the start the software was confusing, I didn't grasp the concept especially once upgraded to making two interventions but as I was exposed to it more, I got the hang of it. it was fun as it was highly interactive and engaging",13.2,1036.4660000000001,Sleeplessness,Depression,Worry,Intelligence,Exercise,Education,Intelligence,Education,NA,Intelligence,Education,NA
Ctr,10.046,6,5,0,0,0,1,0,0,1,1,1,0,1,0,The visual of the software made it clear how these aspects of life are intertwined even more than we tend to comprehend. One change would set off multiple others and drastically alter the system.,17,622.65,Loneliness,Depression,Worry,Intelligence,Education,NA,Education,NA,NA,Intelligence,Education,NA
Exp,753.687,9,9,0,0,0,0,0,0,0,0,1,0,1,0,"I didn't like the game and I don't feel like I learned much, the whole thing was a bit confusing for me and I was at some point only looking at arrows and how they should work instead of thinking about the actual effect and learning from the game",15.2,846.471,Sleeplessness,Depression,Worry,Education,NA,NA,Education,NA,NA,Intelligence,Education,NA
Exp,1190.956,5,5,1,1,1,1,0,0,1,1,1,0,1,0,it was a good game although i found it challenging sometimes.,7.2,296.685,Worry,NA,NA,Worry,NA,NA,Exercise,NA,NA,Exercise,NA,NA
Exp,400.647,5,5,1,1,1,0,0,0,1,1,1,0,0,0,Enjoyed finding how to reduce/increase certain traits although I didn't have a proper strategy apart from trial and error. I clicked the wrong button once which prevented me from achieving what I wanted.,17.2,841.14,Loneliness,Depression,Worry,Alcohol,Education,Sleeplessness,Not socialising,NA,NA,Intelligence,Education,Sleeplessness
Ctr,36.176,8,8,1,0,0,0,0,0,0,1,1,0,0,0,"At first I found it a little confusing to work and didn't really understand the aims behind it. However, once I started seeing how the relationships could change through modifying certain things, I felt there was more purpose to what I was doing and understood the relationships far better.",16.2,829.34,Sleeplessness,Depression,Worry,Alcohol,Intelligence,Education,BMI,Education,NA,Intelligence,BMI,Education
Ctr,33.425,5,6,0,1,0,0,0,0,1,0,0,0,1,0,I don't think I fully understood how to use it. It was interesting to see how different mental health outcomes are influenced by health choices.,15,1260.888,Sleeplessness,NA,NA,Sleeplessness,NA,NA,Education,NA,NA,Education,NA,NA
Exp,142.921,5,7,0,1,0,1,0,0,0,1,1,0,1,0,I liked the presentation,13.2,60.024,BMI,NA,NA,Coffee intake,NA,NA,Eveningness,NA,NA,Eveningness,NA,NA
Exp,1114.187,4,5,1,0,1,1,0,0,1,1,1,0,1,0,"started to memorize what influenced what and used that in future strategies, very engaging",16.2,898.229,BMI,Depression,Worry,Intelligence,Exercise,NA,Intelligence,Exercise,BMI,Intelligence,BMI,Education
Ctr,290.184,6,9,0,1,0,0,0,0,0,0,1,0,0,0,Bit confusing,15.2,1456.442,Sleeplessness,Depression,Worry,Intelligence,Education,NA,Education,NA,NA,BMI,Smoking,NA
Exp,661.927,9,9,0,1,0,0,0,0,0,0,0,0,0,0,I found the system confusing but was useful to have the computer there. I wasn't able to click education,13.2,427.64300000000003,Sleeplessness,NA,NA,Depression,NA,NA,Not socialising,NA,NA,Education,NA,NA
Exp,3218.399,10,10,0,1,0,1,0,0,0,0,1,0,1,0,"I did not understand how the game worked, so by the end I was just playing it randomly. The game itself looked very interesting but the instructions need to be clearer.",16.2,778.103,Exercise,Depression,Worry,Intelligence,Education,Depression,Education,Sleeplessness,Loneliness,Intelligence,Not socialising,Education
Ctr,143.07,6,6,0,0,0,0,0,0,1,1,1,0,1,0,No strategy; very nice graphics,18.2,1335.779,Sleeplessness,Depression,Worry,Intelligence,Education,Sleeplessness,BMI,Education,NA,BMI,Education,Sleeplessness
Exp,707.216,4,5,1,1,1,1,0,0,1,1,1,0,0,0,The tutorial got me to be familiar with the task and increased my accuracy in later levels.,16.2,852.1610000000001,Depression,NA,NA,Education,NA,NA,Education,NA,NA,Intelligence,NA,NA
Exp,141.646,9,9,0,0,0,0,0,0,0,1,1,0,0,0,it was very complicated,10.2,281.184,Intelligence,NA,NA,Coffee intake,NA,NA,Intelligence,NA,NA,BMI,NA,NA
Exp,1709.578,4,6,1,1,1,0,0,0,1,0,1,0,1,0,I did have a strategy to use the arrows to guide me. It was frustrating because I didn't understand why certain policies would have certain effects. Loneliness on wellbeing seemed odd. Presentation was alright.,12.2,1038.3,Intelligence,Exercise,Loneliness,Education,Loneliness,Worry,Education,Wellbeing,Worry,Exercise,BMI,Education
Exp,1218.907,5,5,1,0,0,1,0,0,1,1,1,0,1,0,Engaging. It actually interested me when different interventions effect different traits etc,12.2,773.085,Education,Sleeplessness,Loneliness,Loneliness,Neuroticism,Wellbeing,Education,Sleeplessness,Loneliness,Alcohol,Intelligence,Exercise
Ctr,13.751,4,4,0,1,1,1,0,0,0,1,1,0,1,0,"trial and error strategy, I found the noise effects memorable and I thought the presentation was easy to follow",7.4,111.761,Exercise,NA,NA,Eveningness,NA,NA,Loneliness,NA,NA,Smoking,NA,NA
Ctr,458.516,7,5,0,0,0,0,0,0,0,0,1,0,1,0,Confusing. What was the task?,17.2,779.5169999999999,Intelligence,NA,NA,Education,NA,NA,Education,NA,NA,BMI,NA,NA
Exp,416.357,8,5,1,0,0,0,0,0,1,1,1,0,1,0,Tried to follow the instructions as best as I could but got confused a few times,14.6,2943.791,Sleeplessness,Depression,Worry,CHD,Education,Sleeplessness,Intelligence,Exercise,Diabetes,Not socialising,Smoking,Education
Exp,1027.469,5,5,0,1,1,1,0,0,0,1,1,0,0,0,"I made a mental note of the computer's winning responses and made sure to choose those options when they came up again. It would have been nice to be able to have a closer image of the game, or an interactive zoom option. Additionally, It would have been motivating and interesting to see the scores tallied between the computer and the player. I thought the music was a good balance of soft and continuous, providing an immersive experience without being distracting.",18.2,630.865,Loneliness,NA,NA,Worry,NA,NA,Sleeplessness,NA,NA,Intelligence,NA,NA
Ctr,45.986,6,6,1,1,1,1,0,0,1,0,0,0,1,0,I donot have a strategy,18.2,1000.136,Sleeplessness,NA,NA,BMI,NA,NA,Education,NA,NA,Intelligence,NA,NA
Ctr,28.235,9,10,0,0,0,0,0,0,0,0,0,0,0,0,didnt really understand it at all,18.2,642.716,Exercise,Diabetes,Smoking,Eveningness,CHD,Education,Eveningness,Alcohol,Coffee intake,Exercise,Diabetes,NA
Exp,198.202,5,6,1,1,1,1,0,0,1,1,1,0,0,0,"I used trial and error, but it was useful",17.2,1023.016,Loneliness,Depression,Worry,Exercise,Education,Loneliness,Education,NA,NA,BMI,Diabetes,Education
Exp,1159.846,8,9,1,1,0,0,0,0,1,0,1,0,1,0,I found the software challenging to use. As i thought i was understanding it I would then go a step back and not understand,19.2,796.807,Alcohol,NA,NA,Alcohol,NA,NA,BMI,NA,NA,Alcohol,NA,NA
Ctr,43.378,5,6,0,0,0,0,0,0,1,1,1,0,1,0,"Didn't really have a specific strategy, just tried clicking different traits to see how this influenced other traits. I tried clicking the same intervention several times, e.g. Depression, to see how much it would increase/reduce certain traits by - intervening on Depression seemed to influence all other traits, whereas intervening on other traits only influenced a select few of the other traits. Education influenced many traits, particularly Intelligence. I liked the way the arrows increased with speed as traits were repeatedly influenced, but sometimes it was so fast that you couldn't focus on which traits were being changed as a result of your intervention.",17.2,1047.901,Sleeplessness,Depression,Worry,Alcohol,BMI,Sleeplessness,Intelligence,BMI,Education,BMI,Diabetes,Sleeplessness
Ctr,17.913,6,6,0,0,0,0,0,0,1,0,1,0,0,0,"I liked the presentation of the software, however think there could of been clearer instructions and tasks to do. It was interesting to see what decreasing alcohol intake did to intelligence as well as BMI",14.2,913.548,Loneliness,Depression,Worry,Intelligence,Education,NA,Education,NA,NA,Intelligence,Education,NA
Exp,1646.041,6,5,0,1,0,1,0,0,0,1,1,0,0,0,I used the arrows to guide which intervention to select. I also thought of which would apply most in the real world. I liked the interactive diagram it was easy to follow,15,649.52,Education,NA,NA,Intelligence,Education,NA,Education,Neuroticism,NA,Intelligence,Education,NA
Ctr,318.875,7,6,0,0,1,0,0,0,0,1,1,0,1,0,"It was crazy to see how one thing could have an effect on so many other things (for example by just decreasing depression by 1% we decreased neuroticism, worry, loneliness, insomnia leading to an increase in wellbeing which in turn led to an increase/decrease in many more aspects). Having experienced mental health problems and having seen a massive increase in overall wellbeing myself my strategy at the beginning was to decrease depression, worry and loneliness to visually see how that has an effect on other domains. I then focused on additions rather than subtractions (e.g. increasing education). Although I was already aware of the effects (e.g. decreasing alcohol consumption decreasing insomnia, BMI etc.) the presentation makes it easier to make the links between all these things (especially if you're a visual learner like me) and personally I've found it useful especially since you can see percentages too.",15.2,1030.436,Sleeplessness,Depression,Worry,BMI,Sleeplessness,NA,BMI,Education,NA,BMI,Education,Sleeplessness
Ctr,39.017,9,9,0,0,0,0,0,0,1,0,1,0,0,0,I found the software very confusing and difficult to operate. I didn't have a strategy other than trying to investigate the individual items that were shown.,14,1439.955,Sleeplessness,Depression,Worry,Alcohol,Worry,NA,BMI,Education,NA,BMI,Diabetes,Smoking
Exp,1549.013,5,6,0,1,1,1,0,0,1,1,1,0,1,0,I really enjoyed the presentation of the task and the music and overall appearance. I felt a sense of achievement when I did beat the computer and this did motivate me to do better on the next task. I was a bit confused on some tasks that I did not manage to have an effect on the objective even though I felt the options I has selected would have an effect.,16.2,828.218,Sleeplessness,Depression,Worry,Alcohol,BMI,Sleeplessness,BMI,Education,NA,Intelligence,Education,Sleeplessness
Ctr,31.391,5,5,1,0,0,0,0,0,0,0,1,0,0,0,"presentation was really nice- really cool to see the links between all the traits at once and all their interconnections. Didn't have a strategy, just explored, nothing prevented me from achieving what i wanted.",16.2,1307.022,Education,NA,NA,Education,NA,NA,Education,NA,NA,Sleeplessness,NA,NA
Ctr,19.737,5,8,0,1,0,0,0,0,1,0,1,0,0,0,"I found it really confusing. The more I played around with it, the more clear it became but I still struggled. I therefore didn't really have a strategy",14.2,799.2570000000001,Loneliness,Depression,Worry,Sleeplessness,Loneliness,Wellbeing,BMI,Education,NA,BMI,Education,Sleeplessness
Exp,3737.051,6,8,0,1,1,1,0,0,1,0,1,0,1,0,I tried to reduce one item in order to have a domino effect to achieve the desired effect but this did not always work. Education was generally a go to as it affected many different traits. I though the space background was both entertaining and distracting/didn't fit the theme of the task.,16.2,3225.23,Education,Sleeplessness,Loneliness,Education,Sleeplessness,Loneliness,Not socialising,BMI,NA,Intelligence,Education,NA
Ctr,33.586,6,8,1,1,0,1,0,0,1,0,1,0,1,0,"I didn't quite know what I was doing most of the time, but in the end I kept clicking education which got bigger and reduced a lot of the things classified as bad. I had no strategy, I just clicked the 'good' things as I didn't quite know what I was doing despite reading the instructions. the presentation was a bit confusing, it could have been a bit clearer, taking up the whole screen with not so many arrows",14.2,752.1320000000001,Sleeplessness,Depression,Worry,Intelligence,Education,Sleeplessness,BMI,Education,NA,Intelligence,BMI,Education
Ctr,16.549,5,6,0,0,0,0,0,0,1,0,1,0,1,0,Found it interesting,13.2,346.537,Depression,NA,NA,Neuroticism,NA,NA,Education,NA,NA,BMI,NA,NA
Ctr,447.789,5,6,1,1,0,0,0,0,1,0,1,0,0,0,"I did not really understand what we were supposed to do, and wasn't sure if I was doing the right this, but was fun. It all seemed like common sense, but you don't really realise how many things can affect or be affected by one this. Presentation was fairly good, maybe bigger scale?",19.2,1408.49,Sleeplessness,Depression,Worry,Intelligence,Education,Sleeplessness,BMI,Education,NA,Intelligence,Education,NA
Ctr,36.777,6,5,0,1,1,1,0,0,1,0,1,0,1,0,The software was definitely interactive and stimulating which i found encouraged me to seek out the best possible outcomes,13.8,385.272,Intelligence,Exercise,Not socialising,Intelligence,BMI,Education,Intelligence,Exercise,BMI,BMI,Diabetes,Smoking
Exp,1691.49,5,6,0,1,1,1,0,0,0,1,1,0,0,0,"At first I was quite confused as to what I was doing but after level 2 I understood more. I found that for worry, depression and loneliness I understood it more as I know what increases and reduces it from personal experience, which also means I found these effects the most memorable.",17.2,1338.843,Sleeplessness,Depression,Worry,Intelligence,Sleeplessness,NA,Education,NA,NA,Intelligence,Education,NA
Exp,1061.937,5,5,0,1,1,1,0,0,1,1,1,0,1,0,i really liked the music and the look of the software - i found it very engaging and it worked very smoothy. my strategy was to follow the arrows as much as i could. it was sometimes difficult when you couldn't select a certain one. i also tried to memorise the times the computer beat me and did what the computer did if the same goal came up again.,16.2,1562.766,Sleeplessness,Depression,Worry,Alcohol,Education,Sleeplessness,Exercise,BMI,Sleeplessness,Intelligence,Education,Sleeplessness
Ctr,32.196,NA,NA,0,0,0,0,0,0,0,0,0,0,0,0,NA,NA,0,NA,NA,NA,NA,NA,NA,NA,NA,NA,NA,NA,NA
Ctr,627.828,6,6,1,1,0,0,0,0,1,1,1,0,0,0,"no strategy, education had a noticeable impact on majority of the bad items",15.2,1102.106,Sleeplessness,Loneliness,Depression,Alcohol,BMI,NA,BMI,NA,NA,Intelligence,Education,NA
Exp,1538.871,5,5,1,1,0,1,0,0,1,1,1,0,1,0,"Some effects did not seem correlated at all, and I did find myself confused at first.",17.2,760.765,Sleeplessness,Depression,Worry,Alcohol,Education,Sleeplessness,Alcohol,BMI,Education,BMI,Education,Sleeplessness
Ctr,19.228,5,7,0,1,0,0,0,0,1,0,1,0,1,0,i thought it was very visually pleasing that made it seem more like a game therefore it was more interactive and so i felt more inclined to try things out.,15.2,1232.21,Exercise,NA,NA,Wellbeing,NA,NA,Alcohol,NA,NA,Exercise,NA,NA
Exp,1066.739,6,9,1,1,0,1,0,0,1,1,1,0,1,0,"I had a strategy to choose the factor I thought would be influential first, then others that link to that. I did find the design of the game a little confusing, though.",12.2,532.739,BMI,Education,Worry,Exercise,Sleeplessness,Worry,Loneliness,Wellbeing,Worry,BMI,Smoking,Education
Ctr,206.278,6,6,1,1,0,0,0,0,1,1,1,0,0,0,Found it a bit confusing but interesting,15.2,839.987,Sleeplessness,Depression,Worry,Smoking,Education,Sleeplessness,Alcohol,Intelligence,Not socialising,Smoking,Education,Neuroticism
Ctr,186.571,4,6,0,0,0,0,0,0,0,0,1,0,1,0,I didn't understand what I was supposed to do with the software.,15.2,838.034,Not socialising,NA,NA,Worry,NA,NA,BMI,NA,NA,BMI,NA,NA
Ctr,54.622,9,8,1,1,1,1,0,0,1,0,1,0,1,0,no,15,1251.109,Exercise,NA,NA,Loneliness,NA,NA,CHD,NA,NA,Diabetes,NA,NA
Exp,104.408,6,6,1,1,1,0,0,0,1,1,1,0,1,0,"I found the game difficult to understand, and couldn't work out a strategy that worked for me.",19.2,691.312,Sleeplessness,Depression,Worry,Intelligence,Education,Sleeplessness,BMI,Education,NA,Intelligence,BMI,Diabetes
Exp,2218.333,6,9,1,1,1,0,0,0,1,0,1,0,1,0,"To be honest, I found the software a bit confusing. Sometimes I won even though I accidentally lowered/increased a specific trait/behaviour when I was supposed to do the opposite. Some effects did not really make sense to me and sometimes it was not possible to affect a trait in a specifc way - or it was and I did not understand how to. I did like the concept of competing against a computer and having to find the best interventions etc, though. I feel like if I understood the game better, I would have memorized the effects. I always judged based on the causal relationships. As soon as it was possible to select multiple interventions, I tried to see what affects a specific trait directly and indirectly (and how).",18.2,1914.7179999999998,Sleeplessness,Depression,Worry,Intelligence,Education,NA,BMI,Education,NA,Intelligence,BMI,Education
Ctr,383.712,6,5,1,0,0,0,0,0,1,1,1,0,0,0,"It was interesting to use and made key relationships easy to explore. I did find it difficult to understand the overarching aim of the software and what my true 'goal' was. I thought it was memorable, as the relationships were shown in a visually appealing way that caught my attention.",14.2,1138.602,Sleeplessness,Depression,Worry,Intelligence,Education,NA,Education,NA,NA,BMI,Diabetes,Sleeplessness
Ctr,17.842,4,6,0,0,1,0,0,0,1,1,1,0,1,0,Reduced all bad traits first,16.2,1030.692,Depression,Worry,NA,Intelligence,NA,NA,BMI,NA,NA,BMI,Diabetes,Smoking
Exp,2358.348,5,6,1,1,1,1,0,0,1,0,0,0,0,0,I just tried to think of what would make the most impact and kept note of what the computer used. I waas surprised how some things linked more than others.,18.2,2416.806,Sleeplessness,Depression,Worry,Alcohol,BMI,Sleeplessness,Education,NA,NA,Intelligence,Education,NA
Exp,762.2,5,5,0,1,0,0,0,0,1,0,1,0,1,0,EDUCATION ALWAYS IMPOVED INTELLIGENCE,12.2,531.923,Alcohol,Intelligence,Exercise,Exercise,Wellbeing,Depression,Alcohol,Depression,Worry,BMI,Diabetes,Smoking
Exp,359.231,6,8,0,0,0,0,0,0,0,0,1,0,1,0,The format was a good motivator,15.2,951.372,Sleeplessness,Depression,Worry,Wellbeing,NA,NA,Education,NA,NA,Education,NA,NA
Exp,1888.283,5,4,1,1,1,1,0,0,1,1,1,0,1,0,"In terms of strategy, I tried to make the biggest changes in the least moves possible. I liked how the effects weren't always that obvious and you had to think about how slight changes can make an impact on more than one thing. thought the game layout and system was great :)",15.2,1036.302,Loneliness,Depression,Worry,Education,Wellbeing,Worry,Intelligence,Exercise,BMI,BMI,Diabetes,Sleeplessness
Exp,1689.863,5,6,0,1,1,1,0,0,1,1,1,0,1,0,"It took me a little time to get the hang of the game, and sometimes it was a challenge to influence something indirectly. Placing the game in space is an interesting choice, I'm not sure why it was done, although it is an appealing background, but perhaps does not aid clarity. I like the music.",19.2,561.8489999999999,Sleeplessness,Depression,Worry,Intelligence,Education,Sleeplessness,BMI,Education,NA,Exercise,Diabetes,Smoking
Ctr,81.023,5,5,1,1,0,1,0,0,0,1,1,0,0,0,not really. i think it was very exciting and i enjoyed it,14.6,1200.769,Sleeplessness,Loneliness,Neuroticism,Exercise,Coffee intake,BMI,Wellbeing,Depression,Worry,BMI,Diabetes,Smoking
Ctr,45.746,9,9,0,0,1,0,0,0,1,1,1,0,0,0,Not sure it worked properly for me as i was using a tablet so couldnt hover so was just clicking (pretty randomly) and seeing what changed and what had effects in what,16.4,1570.5400000000002,Depression,NA,NA,Alcohol,NA,NA,Education,NA,NA,BMI,NA,NA
Ctr,18.921,5,5,1,1,0,1,0,0,1,1,1,0,1,0,"At first I hovered over the negative traits and followed lines of causation (what they were caused by). Then I tried to find common links between causes of bad traits, in order to reduce them. Increasing education had one of the most positive effects in reducing negative traits and increasing positive ones. I enjoyed the user interface and the challenge of the software.",15.2,506.953,Neuroticism,Depression,Worry,Exercise,NA,NA,Education,NA,NA,Exercise,NA,NA
Exp,1305.523,6,6,1,0,0,1,0,0,1,1,1,0,1,0,"I found it very mesmerising but challenging at times, I pressed the icons that I thought was related to the task.",16,813.735,Depression,Worry,NA,Intelligence,NA,NA,Education,NA,NA,Education,NA,NA
Ctr,453.567,4,7,1,0,1,0,0,0,1,0,1,0,0,0,"I thought that it was really engaging and interesting. I manipulated postive areas e.g ""education"" to notice the impact of an increase education, and also tried the other approach of trying to reduce negative ones such as ""insomnia"", which is probably less practical, but the impact was dramatic in terms of mental health outcomes. I think it could be improved with more prompts in the UI or help section. The only limitation was not being able manipulate all areas easily with interventions. So interesting and fun though!",13.2,1524.266,Sleeplessness,Loneliness,Worry,Loneliness,Wellbeing,NA,Intelligence,Education,NA,Intelligence,Exercise,Education
Ctr,231.785,5,6,1,0,0,0,0,0,1,0,1,0,1,0,"I did not have a strategy, I just pressed the buttons to see what would happen in each occasion. I found it memorable that when education increases, BMI,exercise, neuroticism and smoking habits decrease, while intelligence, social interactions and coffee consumption increase",16.2,1392.842,Loneliness,Depression,Worry,Alcohol,BMI,Loneliness,Alcohol,BMI,NA,BMI,Diabetes,Sleeplessness
Exp,2921.552,7,7,1,1,1,1,0,0,1,1,1,0,1,0,I have a strategy when the experiment go into later. I don't know how to conduct it at the beggining,10.2,508.167,Not socialising,NA,NA,Loneliness,NA,NA,Education,NA,NA,Education,NA,NA
Exp,2019.868,5,5,0,1,0,1,0,0,1,1,1,0,1,0,"My method mostly involved memorising the computer's tac tics. Thought some of the game was a bit confusing e.g., what does eveningness mean? I was also mislead/confused about using interventions for emotions - i didn't realise you could intervene on 'wellbeing', 'depression', 'loneliness' etc. until a lot later in the game (though learning). It was interesting to see which combinations were the most effective.",17.2,1300.603,Depression,Worry,NA,Intelligence,Education,NA,Not socialising,NA,NA,Education,Sleeplessness,Worry
Exp,100.683,6,7,1,1,1,0,0,0,1,1,1,0,1,0,I wasn't clear on why I was progressing so there was no strategy. I liked the look and feel just wish I'd be able to understand it better.,13.2,4715.26,Education,NA,NA,Education,NA,NA,Education,NA,NA,Education,NA,NA
Ctr,82.615,10,10,0,0,0,0,0,0,0,0,0,0,0,0,I found the package very interactive and easy to use. It was fun. I liked the visualisation of the intevrentions,16.2,525.131,Coffee intake,NA,NA,NA,NA,NA,NA,NA,NA,NA,NA,NA
Exp,1592.546,7,8,0,1,0,1,0,0,1,0,1,0,0,0,"I found it difficult to understand how to play, and what was asked of us. The graphics didn't make too much sense, I was confused by the arrows and I wasn't sure what I had to do. I was discovering the game as i was playing. Overall, it was stimulating because I have learnt some things about public health policies and which are best for a specific issue.",12.2,1096.925,Sleeplessness,Depression,Worry,Intelligence,NA,NA,Education,NA,NA,BMI,Diabetes,NA
Exp,1903.41,6,6,0,1,1,1,0,0,1,1,1,0,1,0,I tried pick the interventions that are most effective,14.2,568.147,Not socialising,Loneliness,Depression,Eveningness,Intelligence,Wellbeing,Intelligence,Exercise,Education,Alcohol,BMI,Diabetes
Ctr,176.576,NA,NA,0,0,0,0,0,0,0,0,0,0,0,0,NA,NA,0,NA,NA,NA,NA,NA,NA,NA,NA,NA,NA,NA,NA
Ctr,292.741,4,5,1,0,0,0,0,0,1,1,1,0,0,0,"The strategy adopted was to focus on core interventions, before focusing in on smaller elements to mitigate the side-effects of larger interventions and further enhance their strength",14.2,1814.865,Alcohol,Education,Sleeplessness,Education,Loneliness,Depression,Exercise,Education,Depression,Exercise,Diabetes,Education
Ctr,84.56299999999999,5,9,0,0,0,1,0,0,1,1,1,0,1,0,"It felt a bit buggy at times, but enjoyed the reactions and ease of access",14.2,1124.8700000000001,Exercise,Depression,Worry,Intelligence,BMI,Education,BMI,Education,Sleeplessness,Exercise,Education,Depression
Exp,1888.431,5,6,1,1,0,1,0,0,1,1,1,0,1,0,"At first, it is a little bit confused about the blue line and read line as well as how these traits are influenced by each other. I tried to remember some answers (best strategies of computer) and analyse it, that is really helpful.  I am impressed that alcohol could improve evenings, education would increase many good traits.  One thing that really confused me is the interaction of increase and decrease, as these lines are very complicated.",15.2,1311.792,Sleeplessness,Depression,Worry,Intelligence,BMI,Education,BMI,Education,NA,Intelligence,BMI,Education
Ctr,20.476,5,5,1,1,1,0,0,0,1,1,1,0,1,0,"the sounds were interesting, the presentation was intense",15.2,1481.942,Education,Sleeplessness,Neuroticism,Eveningness,Loneliness,NA,BMI,Education,NA,Education,Sleeplessness,NA
Exp,932.032,5,5,1,0,0,0,0,0,1,1,1,0,1,0,didn't feel anything was at stake so had no trouble guessing without mercy,14,2646.4719999999998,Exercise,NA,NA,Loneliness,NA,NA,Education,NA,NA,Exercise,NA,NA
Exp,1345.989,5,5,0,1,1,1,0,0,1,1,1,0,0,0,"To start with I was intervening on things that were closely linked to the objective, but after a while I realised that intervening on more indirect things such as loneliness would have a bigger knock-on effect. I thought the presentation of the game was quite nice, visual design was pleasing, there was humour in the instructions and the music was calming.",18.2,1180.7069999999999,Sleeplessness,Loneliness,Worry,Education,Sleeplessness,Loneliness,Exercise,BMI,Loneliness,BMI,Education,Loneliness
Exp,172.886,5,6,1,1,1,1,0,0,1,1,1,0,1,0,I found it distracting that the effect of one intervention would flash all over the place while I was trying to choose another,14,513.558,Alcohol,Intelligence,Exercise,Diabetes,CHD,Smoking,BMI,Diabetes,CHD,Not socialising,BMI,Diabetes
Ctr,35.441,4,4,0,0,0,0,0,0,1,0,1,0,0,0,"I enjoyed clicking on different elements and seeing their effect. However, some effects happened so quickly that it was hard to follow and I did not find all interactions particularly memorable.",15.2,728.267,Worry,NA,NA,Education,NA,NA,Education,NA,NA,Education,NA,NA
Exp,1839.776,6,7,1,1,1,1,0,0,1,1,1,0,1,0,I kind of form some strategy but it doesn't always work. About level 5 I finally realize some policy are memorable.,15.2,1292.155,Alcohol,BMI,CHD,Alcohol,Intelligence,BMI,BMI,Education,NA,BMI,Diabetes,Education
Ctr,88.543,7,8,0,0,1,0,0,0,1,1,1,0,0,0,Intuitive choices,15.2,1227.61,Exercise,NA,NA,Education,NA,NA,BMI,NA,NA,Education,NA,NA
Exp,1895.137,5,6,1,1,1,0,0,0,1,1,1,0,1,0,I tried to remember the answers. I was a bit confused about which traits impacted on each other as there was a lot of detail in the diagram. But the presentation and sounds etc made it enjoyable.,17.2,1336.2549999999999,Sleeplessness,Depression,Worry,Alcohol,BMI,Sleeplessness,BMI,Education,NA,BMI,Diabetes,Sleeplessness
Ctr,978.417,6,5,1,0,0,0,0,0,1,0,1,0,1,0,"I was mostly motivated through my curiosity to see causal relationships. However, curiosity soon subsided and lack of goal or challenge made me lose interest. Perhaps if I had a limited number of ""interventions"" to try have the greatest impact I would be more invested. I liked seeing the ""chain reaction"" especially as it sped up on the more effective interventions. Presentation was good. It would of been nice to be able to rotate the simulation to orientate it how I rather than just dragging the traits (I'm aware this is quite a tall order).",14.2,2955.2309999999998,Sleeplessness,Loneliness,Worry,Alcohol,BMI,Loneliness,Alcohol,BMI,Education,BMI,Education,Sleeplessness
Exp,1858.517,8,7,1,0,0,1,0,0,1,1,1,0,1,0,INtriguing - music made it more of an adventure. Fun to play with.,15.2,821.908,Sleeplessness,Depression,Worry,Alcohol,Intelligence,Education,BMI,Education,NA,Intelligence,Exercise,NA
Exp,1607.151,5,4,1,1,1,1,0,0,1,1,1,0,1,0,I looked at the strength and sequence of arrows,16.2,1203.003,Alcohol,Intelligence,Not socialising,Alcohol,Intelligence,Education,Alcohol,BMI,Education,Intelligence,BMI,Education
Ctr,644.96,4,4,0,0,0,1,0,0,1,1,1,0,0,0,"Its very interesting and funny. However, I think a few more trait can be added such as obrsity, fear and altruism to make this system more complete.",15.2,1401.288,Sleeplessness,Depression,Worry,Alcohol,Intelligence,Education,BMI,Education,NA,Education,Sleeplessness,NA
Exp,170.999,7,6,1,0,1,0,0,0,1,1,1,0,0,0,It is a good idea to play with the game to in order to increase fancy and fun.,12.2,1183.717,Alcohol,Exercise,Smoking,Intelligence,Education,NA,Exercise,Education,NA,Alcohol,Exercise,Smoking
Ctr,796.783,5,6,1,0,0,0,0,0,1,0,1,0,1,0,Excellently presented. I sought out the education 'marker' and moved it to the top to form a hierarchical structure. Great reminder to get more and better sleep and to keep exercising!,17.2,4372.018,Sleeplessness,Depression,Worry,Alcohol,Education,Sleeplessness,BMI,Education,Sleeplessness,BMI,Education,Sleeplessness
NA,NA,NA,NA,0,0,0,0,0,0,0,0,0,0,0,0,NA,NA,0,NA,NA,NA,NA,NA,NA,NA,NA,NA,NA,NA,NA
NA,NA,NA,NA,0,0,0,0,0,0,0,0,0,0,0,0,NA,NA,0,NA,NA,NA,NA,NA,NA,NA,NA,NA,NA,NA,NA
NA,NA,NA,NA,0,0,0,0,0,0,0,0,0,0,0,0,NA,NA,0,NA,NA,NA,NA,NA,NA,NA,NA,NA,NA,NA,NA
NA,NA,NA,NA,0,0,0,0,0,0,0,0,0,0,0,0,NA,NA,0,NA,NA,NA,NA,NA,NA,NA,NA,NA,NA,NA,NA
NA,NA,NA,NA,0,0,0,0,0,0,0,0,0,0,0,0,NA,NA,0,NA,NA,NA,NA,NA,NA,NA,NA,NA,NA,NA,NA
