cond,cond_dur,Motivation,Direction,FreeText,PLEX_count,Captivation,Challenge,Competition,Completion,Discovery,Progression,Exploration,Fantasy,Humor,Nurture,Relaxation,Sensation,test_score_z,test_dur,test_ffe_total
Ctr,0.7252166666666666,3,6,No strategy but the use of educations affect was memorable,7,1,1,0,1,1,0,1,1,0,0,1,0,-1.7938973668487455,14.261183333333332,-1.3225968004380095
Exp,33.49535,5,5,I didn't followed any specific strategy and nothing prevented me from achieving what I wanted.I liked the fact that I could see how each component had an effect on something else from a game.I could find more memorable the effects that I was already aware of like education reduces smoking.,8,1,1,0,1,1,0,1,1,0,1,1,0,-0.07372180959652354,24.72126666666667,1.0170517356014894
Ctr,6.311716666666666,6,5,"Personally, at my first try I did not have any strategy and tried to understand the software. But in my second try, I began to observe how interventions generally had an effect and tried to form a strategy.",7,1,0,0,0,1,1,1,0,1,1,0,1,-0.503765698909579,26.41743333333333,0.301769153042936
Exp,27.349483333333335,5,5,I think insomnia and loneliness are the most prevalent factors that will affect  others. Sometimes I am not entirely sure why the computer did better than me and how come the computer got the higher percentage affected. I do not quite understand how the percentage affected is worked out.,12,1,1,1,1,1,1,1,1,1,1,1,1,0.7863659690295874,18.766133333333336,0.8683862640485647
Exp,5.591383333333332,5,2,"I enjoyed the game and the way it was presented, I tried to have some sort of strategy but ended up just choosing things I thought might be correct.",7,1,1,1,0,0,1,1,1,0,0,0,1,1.216409858342643,17.27775,0.12211141287443314
Ctr,3.613783333333333,6,4,I felt the sofware was hard to use. I did however find it enjoyable dragging the different factors around and seeing the increase/ decrease.,2,0,0,0,0,1,0,1,0,0,0,0,0,0.35632207971653196,15.812850000000001,-0.21235409449182635
Ctr,5.884366666666667,6,5,"I found it quite complicated to begin with, I didn't have a strategy other than to experiment with it. The effects were memorable and it was nice to see how they all interlinked.",7,1,0,0,0,1,1,1,1,0,0,1,1,-0.07372180959652354,13.121216666666667,0.005491515167713946
Exp,3.8297000000000003,5,6,"Wonderful presentation, very interesting and fun to interact with the game. I began remembering what trait lowered and increased other traits. The soundtrack to the game is very well done.",9,1,1,1,0,0,1,1,1,1,0,1,1,0.35632207971653196,17.127833333333335,-0.9675745655358795
Exp,12.761766666666666,5,4,It was a somewhat immersive experience that distracted me for a while.,5,1,0,0,0,0,1,1,0,0,0,1,1,-0.07372180959652354,10.985233333333333,-1.080600401722189
Ctr,0.23959999999999998,5,2,"I found the simulation quite confusing at first, but then I got the hang of it. I still was a bit lost when a ripple effect was caused by a single intervention though, as the changes were expressed simultaneously and I simply couldn't keep up. I thought it was a fun game though!",10,1,1,1,1,1,1,1,1,1,0,0,1,-0.503765698909579,21.823766666666664,-0.9852120930122827
Ctr,0.2081166666666666,3,6,"It was slightly confusing, sometimes the colours faded and the arrows got huge. Also, some them had nothing happen after. I just clicked on ones that interested me and then clicked on another one. The presentation was good, my only problem was that it was slightly overwhelming and at time unclear.",1,0,0,0,0,0,0,1,0,0,0,0,0,0.35632207971653196,20.61715,-0.4659095800310409
Exp,18.120933333333333,6,5,i tried to lower/increase the things i think would help me increase/decrease the things the game asked me to,9,1,1,0,1,1,1,1,1,0,1,1,0,-0.503765698909579,8.9297,0.10528870722864687
Ctr,15.7098,7,7,I found the experience very enjoyable. I didn't have a specific strategy; I just tried to implement interventions that I thought would cause the most widespread effects. I enjoyed watching the chain-reactions of some of my decisions.,7,1,0,0,1,1,0,1,0,1,0,1,1,0.35632207971653196,33.408316666666664,0.9242056070836921
Exp,15.5101,7,7,As I gained more intervention uses per round the AI would use them in a different way to me that would bring a greater effect so I tried to follow it's strategy. The presentation was nice and I like the sound design.,11,1,1,1,1,1,1,1,1,0,1,1,1,0.7863659690295874,25.9769,1.7441361179803023
Ctr,0.30145,6,5,"nope, i was confused initially, i thought you could change whetehr you wanted to increase or decrease the effects as opposed to only do them one way.",5,0,0,0,0,1,0,1,1,1,0,0,1,0.35632207971653196,14.998899999999999,0.8279195522997549
Exp,5.8571,6,5,I found the presentation of the stimulus quite complex t first but was able to adjust to it rather quickly. My strategy was to look into the trait that needed changing and then figure out which other trait would best lead me to do this,10,1,1,1,0,1,1,1,1,0,1,1,1,-0.07372180959652354,17.359050000000003,0.2036262703650264
Ctr,1.0159666666666667,6,6,"I had a few strategies like increasing education, socialization and excercise, etc as interventions. At times, I felt a bit confused so I wasn't achieve somethings like reducing neuroticism. I found the effect of reducing coffee intake on insomnia memorable. I don't really have any opinions regarding the presentation.",9,1,0,0,1,1,1,1,1,1,1,1,0,-1.36385347753569,18.116066666666665,-0.6603681907487696
Exp,0.28025,4,5,"At first I found it difficult to understand, but I developed a strategy pretty quickly.",7,0,1,1,0,1,1,1,0,0,1,1,0,-0.07372180959652354,19.779016666666667,-0.6225621410063263
Ctr,0.246,5,6,"slightly confessing, didn't fully understand how to reduce certain experiences. overall good layout and easy to manage.",6,0,1,0,0,1,1,0,0,1,0,1,1,-1.36385347753569,10.685933333333335,-0.37371395585013617
Exp,6.554783333333333,5,6,Some of the questions would appear multiple times which improved how well I memorised the answers,7,1,1,1,0,1,1,0,0,1,0,1,0,1.216409858342643,20.53495,1.0452341155727303
Ctr,0.22416666666666665,5,5,i liked the little arrows- i was pretty motivated to make changes and i enjoyed it. I dont think i really learned anything that wasnt common sense though,7,1,0,0,0,0,1,1,1,0,1,1,1,0.7863659690295874,9.7362,0.4255889993568694
Ctr,0.21821666666666667,5,5,very visually stimulating which made it more exciting to interact with. It was interesting and to some extent satisfying to see the kind of wide-spread effect that one intervention could have.,4,0,1,0,0,0,0,1,0,1,0,0,1,-0.503765698909579,31.889599999999998,-0.32559185378191297
Exp,2.365533333333333,5,5,i had not a clue what was going on i am not going to lie to you,6,1,0,0,1,1,1,1,1,0,0,0,0,-0.503765698909579,9.421466666666667,-0.7553810431952502
Exp,16.258733333333332,4,3,I did not really enjoy the software because I do not think it was clear enough about how to win. This may of been because I did not have strategy though.,3,0,0,0,0,0,0,1,1,0,0,0,1,1.216409858342643,12.589583333333334,0.6689100480273918
Ctr,2.7543833333333336,6,5,"I was mainly trying to induce positive effects. I would get frustrated if I was trying to do that and other factors on the task stopped that from happening. I think it was an interesting presentation and found it overall enjoyable, although it took a while to grasp and I did find it looked confusing at first",8,1,0,0,1,1,1,1,1,0,1,0,1,-0.07372180959652354,15.604566666666667,-0.45276298384174807
Exp,3.7097166666666666,5,5,I think it was a good game and I was motivated but found it difficult on a phone as couldn't really see the instructions which made knowing how to play it a bit difficult,5,0,1,0,0,0,0,0,1,0,1,1,1,-0.9338095882226345,17.782333333333334,-0.3912258711299005
Ctr,1.3137,6,7,I enjoyed using this software and found it very interactive. I tended to try and separate out certain factors and have a look at which factors were linked to lots of other factors. I think for some people they may find it overwhelming to look at as there is quite a lot going on within one diagram. Although for people who are visual learners it would definitely have a big effect. I think it was quite memorable seeing the effects of insomnia and sleep on your well-being and how all these factors link to one another.,6,1,0,0,0,1,0,1,0,0,1,1,1,-0.503765698909579,23.57195,-0.15033028618203154
Exp,2.165416666666666,5,6,"It was captivating but also quite confusing to know what the goal is and how to achieve it. However, it was interesting to see what affected what in the game and it was quite fun. The instructions could have been clearer and the presentation as well because it was all overlapping so there was a lot going on.",8,1,1,1,1,1,1,1,0,0,0,0,1,-0.503765698909579,22.174883333333334,0.9014906386412299
Exp,13.753633333333333,5,4,"It was strange considering the interventions for each goal didn't always make much sense. The first time I played the game it crashed/stopped working so I lost all my progress which was irritating. I liked the level up part, it made me motivated to keep going and progress through the levels. The actual presentation of the game was well-made and exciting, I can see how it would be an enticing method of learning",8,0,1,1,1,1,1,1,1,0,0,0,1,-0.07372180959652354,19.142699999999998,1.0170517356014894
Exp,24.95125,4,6,I feel like the pulsating icons/arrows distracted me when trying to work out the interventions. I did not have a strategy.,5,0,1,0,0,1,1,1,0,0,0,1,0,-0.503765698909579,41.07576666666667,0.5801418046125809
Exp,9.2593,6,7,"I had no strategy, just look to see which arrows were most prominent etc. It made the relationships between the factors a lot more memorable.",8,1,1,1,0,1,1,1,1,0,0,1,0,-0.9338095882226345,9.107783333333334,0.39502945377721044
Ctr,0.17648333333333335,6,6,The presentation was easy to interact with and interesting to work around,4,0,0,0,0,1,0,1,0,0,1,1,0,0.7863659690295874,12.12205,-0.8901568306287546
Ctr,12.52695,5,6,I started by getting to know the software and what each button would do and then I targeted interventions to improve wellbeing and increase it while lowering negative traits like depression. The software was unlike anything I have used before so it was memorable and fun to play around with it and I liked the fact that it was something new. I think it is memorable as I can still picture it in my head/visualise it.,5,1,0,0,0,1,0,1,0,0,1,0,1,0.7863659690295874,14.721633333333333,0.7692190403994267
Exp,21.21665,7,7,"It was interesting getting to grips with the simulation I quickly learnt how to reduce behaviour and it became easier to spot pathways to reduce patters. The presentation of the game was really interesting and I would definately play again, I especially liked the interaction with the computer that I was competing with something to make a positive effect.",10,1,1,1,1,1,1,1,1,0,1,0,1,-0.07372180959652354,17.103416666666664,-0.504412880278505
Exp,20.716833333333334,6,6,I liked the sounds and animations,8,0,1,1,1,1,1,1,0,0,0,1,1,-0.503765698909579,9.048066666666667,0.49210384454323963
Ctr,0.26163333333333333,6,5,"At first I found the software confusng, however after getting the hang of it I started developing strategies to improve the overall health.",6,0,0,1,0,1,1,1,1,0,0,0,1,0.35632207971653196,10.4983,-0.8006518749057097
Ctr,1.6366,3,3,I might've done something wrong because it got very confusing and that gave me anxiety.,4,1,1,0,0,1,0,1,0,0,0,0,0,0.7863659690295874,19.37355,-1.3706694112573485
Exp,1.6272666666666666,7,7,I just tried to follow the links to see which one would have the bigger outcome and affect on the named factor,9,1,1,1,1,0,1,1,0,0,1,1,1,1.216409858342643,10.405716666666667,-1.048963196725024
Ctr,0.6410166666666667,7,7,I quite like the way it was presented as you can see how a series of variables all interact with one another,4,1,0,0,0,0,1,1,0,0,1,0,0,0.35632207971653196,13.487716666666667,-0.8160250942122699
Ctr,1.4676166666666668,6,6,"It went really faster after a while, but the pictures and diagram were really interactive",5,0,0,0,0,1,1,1,0,1,0,1,0,-0.503765698909579,22.4824,1.3043413721888777
Ctr,0.8716166666666666,4,1,"i did not have any sort of strategy when using the software, also i did not particularly find the effects very memorable",4,0,0,0,0,1,1,0,1,0,0,0,1,0.35632207971653196,13.709566666666666,0.21916842561229868
Exp,3.2826,5,6,"I found it slightly difficult to understand at the beginning.  I didn't particularly have a strategy, I just tended to choose the interventions linked by the arrows.  An effect i found memorable was the impact education had",7,0,0,1,0,1,1,1,1,1,0,0,1,0.35632207971653196,16.809866666666668,0.9525362685285892
Exp,22.393716666666666,4,2,"I found it quite frustrating because the computer kept winning by intervening with insomnia, depression, loneliness and worry even when I could not see an arrow connecting the goal to these factors, which made me very very frustrated",6,1,1,1,1,0,0,1,0,0,0,0,1,-0.07372180959652354,14.806133333333333,1.3043413721888777
Exp,10.345083333333333,7,6,At first it was a bit hard to navigate since I felt like the game's design is not the clearest. I did get the hang of it after a couple of rounds and noticed myself trying different strategies. The effect's would have been memorable if the game's presentation was a bit more clear.,9,1,1,1,1,0,1,1,1,1,0,0,1,1.216409858342643,18.435866666666666,-0.33824837981723677
Exp,9.298033333333333,5,5,I would place the icons slightly further apart as it felt slightly cramped,10,1,1,1,1,1,0,1,1,0,1,1,1,1.216409858342643,21.681483333333336,-1.206561100060647
Ctr,0.47195,3,4,"Whilst I was confused at first after I somewhat understood the point of the task and began moving things it became quite thought provoking. I had no particular strategy, just made sure to click on each icon and move it appropriately. The noise effect was very memorable and stood out to me the most. Good presentation, lots of colour used appropriately, however, it was confusing following all the arrows' placements.",5,0,0,0,1,1,0,1,1,0,0,0,1,-0.07372180959652354,26.231466666666666,-1.1706400091982805
Ctr,0.43998333333333334,6,6,I didn't have a strategy initially I just explored the different interventions and when I had more of an idea of how the software worked I reset it and started again this time trying to do the biggest interventions first. I think the effects were memorable at the beginning however they went very fast sometimes and were harder to follow. Overall I liked the presentation as I think it was good to learn visually rather than by reading.,6,1,0,0,0,1,1,1,1,0,0,0,1,1.216409858342643,19.416366666666665,-0.16753195635636084
Exp,8.699516666666666,6,6,"I was trying to figure out how to use the map to choose the best way to solve the issue. I thought the presentation of the software was done really well, very clean and nice to follow",6,0,1,0,0,1,0,1,1,0,1,0,1,0.35632207971653196,9.705033333333335,-1.080600401722189
Ctr,3.3699833333333333,6,6,"I think it was really engaging how I was able to click and hover over the different icons and see how one affects another. I think some of the effects, especially the effect of education on health conditions, is very memorable. I did not have a proper strategy but I tried to look for the things that were indicated at the beginning such as the effect of education and the correlation between BMI and heart diseases.",5,0,0,0,0,1,0,1,1,0,0,1,1,-0.503765698909579,24.14315,0.9275884973066433
Ctr,5.952783333333333,6,3,"At the beginning I didn't really know what to do, so it was fun to learn how everything worked on my own. I also started paying more attention to what I was choosing, and it made the whole game more challenging as there were many links between the traits.",7,1,1,0,0,0,1,1,1,1,0,0,1,1.216409858342643,27.570083333333333,0.828509323550551
Ctr,0.8714999999999999,6,5,"I found the software quite simple. It had no ending and I could leave it at any time, and this made me feel like the software didn't have an aim or achievement in the end.",7,1,0,0,0,1,1,1,1,1,0,0,1,-0.07372180959652354,25.5967,0.23981498499374557
Exp,1.6903833333333333,7,7,I found that sometimes I tried to use the arrows to make my decision and then the computer came up with a more successful intervention that I could have come up with if I'd use common sense instead. So it successfully brings your attention to interventions that could be used in our lives.,4,0,0,0,1,0,0,1,0,0,1,1,0,0.35632207971653196,19.923266666666667,-0.6649031376654374
Ctr,5.780783333333333,6,5,"I did not approach the software with a strategy. I noticed that increasing education would decrease exercise and increase eveningness, this was memorable for me as i found myself thinking back to times where i had stayed up to study or had forfeited exercise or walks to study. In my opinion, the presentation was a little bit messy as the arrows intersected a lot and caused confusion occasionally. However, i did like that hovering over the icons would show you which trait was directly linked to it. This provided some clarity as to which factors I was impacting.",5,0,0,0,1,1,1,1,0,0,1,0,0,0.7863659690295874,27.868733333333335,-0.10623033257052135
Exp,31.48271666666667,2,5,I found it confusing what I could and coulnd't clicke and how some of them weren't linked to certain goals,9,1,1,1,1,1,1,1,1,0,0,0,1,-0.503765698909579,9.032466666666666,-0.49223801774780707
Ctr,0.6632333333333332,5,6,"At first I did not have a strategy and I was a bit confused about the software. I still feel like it's a bit hard to understand and difficult to achieve a specific goal. I find it very interesting how every thing affects and has an impact on a lot of other things, that I wasn't even aware of.",7,0,1,0,0,1,1,1,0,1,1,1,0,0.7863659690295874,27.637700000000002,0.28021399106227385
Exp,6.1234166666666665,5,5,"i learned a lot from playing the game.. i was especially surprised by things that i had no idea about such as ""insomnia lowers down heart disease"". i didn't really have a strategy and at first, i was confused on what i was supposed to do. but then i got the hang of it and i did pretty well. there were times that were abit frustrating when playing the game because computer beat me to it in some parts which made me feel dumb. but hey, i learn something new everyday. i also liked the design of the game software. the colours were bright and the display of the symbols/images were clear. overall, i had a fun playing the game",12,1,1,1,1,1,1,1,1,1,1,1,1,-0.9338095882226345,26.014466666666667,0.3628910233796966
Exp,4.696183333333334,6,6,Tried to find the root cause but often found that the best solution was the one directly influencing. Education became my go to when selecting solutions most of the time. The presentation was fun and the soundtrack noise was soothing/ enjoyable,8,0,1,1,1,1,1,1,1,0,0,0,1,0.35632207971653196,10.1815,-0.5896752400940384
Exp,4.760266666666666,5,6,I just mapped out the arrows and looked for the biggest effect,9,1,1,1,1,0,1,1,1,1,0,1,0,2.076497636968754,12.9076,-0.9217431308482533
Ctr,4.098333333333334,3,5,it was difficult to understand at first,6,0,1,0,0,1,1,1,1,0,1,0,0,-1.36385347753569,12.917666666666666,0.13144339527588292
Exp,1.2328333333333332,6,6,analysis of all the arrow colour and directions in relation to the specific task I had at each level,8,1,0,0,1,1,1,1,0,0,1,1,1,0.7863659690295874,14.340900000000001,-0.5676279899292667
Ctr,1.6632500000000001,4,4,I thought it was a very good experience,4,1,0,0,0,1,0,1,1,0,0,0,0,-0.07372180959652354,17.248916666666666,1.0367466825664495
Exp,23.43951666666667,6,7,"I liked the space theme and my task. However, it was hard to tell what I had just done. For example, I'd forget which trait I just intervened on and it was tricky to figure out why I was successful or not in the task. The icons would move and be highlighted which was confusing and often frustrating when I was trying to finish the task.",4,0,0,0,0,0,0,1,0,1,0,1,1,0.35632207971653196,17.719316666666668,1.7003598953863428
Exp,2.0286,3,6,I think some of the effects were memorable however I didn't really have a strategy,6,0,1,0,1,1,1,1,0,0,1,0,0,-0.503765698909579,10.732149999999999,-0.5066858000203804
Exp,13.613833333333332,6,6,Some of the parts of the game I didn't fully understand but I did get it by the end.,10,1,1,0,1,1,1,1,1,0,1,1,1,0.7863659690295874,11.12815,0.9551977123822313
Ctr,4.246616666666666,4,4,I found it interesting but the presentation was slightly confusing and hard see individual components,5,0,0,0,1,1,0,1,0,1,0,1,0,0.7863659690295874,17.247916666666665,0.5726853910868808
Exp,7.6254333333333335,7,6,"I found the effects memorable, and it would be a good way to educate younger children. Initially I was not as confident with finding answers, but after the computer got it right a few times and I could see the response it became easier to work out what kind of thing I should be picking.",7,1,0,1,0,1,0,1,1,1,0,0,1,0.7863659690295874,20.47495,-0.14988515264501673
Exp,5.5984,6,3,"Found it difficult, but it was memorable",7,0,1,0,0,1,1,1,1,0,1,0,1,-0.07372180959652354,11.472833333333334,-0.5858072636136116
Exp,15.519866666666667,4,4,"Was confusing, ended up doing trial and error for most of the game",5,1,0,1,1,0,0,1,0,0,0,1,0,-2.6539851454748566,13.418766666666667,-1.0148910254594987
Exp,22.3173,6,6,"It felt a bit simplistic and obvious what is expected of you. I also found it a bit visually confusing, not always being able to see what the arrows were pointing at. Having to watch the effects spread through the network after each intervention got a bit annoying.",10,1,0,1,0,1,1,1,1,1,1,1,1,1.216409858342643,17.833166666666667,-0.2940511898174583
Ctr,0.44925,6,6,I mainly focused on the aspects that most related to my life such as education to see if I follower the patterns of the health effects such as coffee and sleep which was really interesting,5,1,1,0,0,1,0,1,1,0,0,0,0,-0.503765698909579,19.717716666666664,1.0503268790380766
Exp,29.29478333333333,6,6,"Was interesting, harder than I thought",8,0,1,1,1,1,1,1,0,1,0,1,0,0.35632207971653196,16.257316666666664,-0.8662219128931418
Ctr,14.529633333333333,7,6,I actually really enjoyed using the software as I found that I wasn only focusing on the task at hand and my mind was not overthinking or wandering as usual.,10,1,1,0,0,1,1,1,1,1,1,1,1,-0.07372180959652354,16.10715,0.6657958792454972
Ctr,0.36661666666666665,7,7,"I intervened more with the negative traits which had thick arrows to other traits, as that showed that there was a stronger relationship between those two traits. I found it somewhat surprising in some occasions when i Intervened and the effect was so widespread amongst so many different traits/behaviours. I thought that the presentation was clear and effective. I enjoyed seeing all the domino effects that intervening with a singular trait created across multiple different traits.",8,1,0,0,0,1,1,1,1,1,1,1,0,1.216409858342643,17.50251666666667,1.0785092590093175
Exp,25.034049999999997,5,6,I followed the paths logically and learnt from the computer's answers,9,1,1,1,0,1,1,1,1,0,0,1,1,1.6464537476556984,14.52945,0.7377384770411687
Exp,14.858233333333335,6,6,"I couldn't rechoose another option to intervene with if I had changed my mind, and when some objectives were to lower a specific trait, intervening raised them.",8,1,1,0,1,1,1,1,0,0,1,0,1,0.35632207971653196,28.354233333333333,1.4862819871783897
Ctr,0.27588333333333337,6,6,I think it shows a clear representation of how the mind and body are linked and how tackling mental health can affect physical symptoms and vice versa.,7,0,0,0,0,1,1,1,1,0,1,1,1,-2.6539851454748566,15.888733333333334,0.3628910233796966
Ctr,0.6007166666666667,5,5,it was kind of confusing,8,0,1,0,0,1,1,1,1,1,1,0,1,-1.36385347753569,20.82565,0.10120409261684671
Ctr,0.38204999999999995,4,4,i just tried to move things arround and see how other elements were affected,3,1,0,0,0,1,0,1,0,0,0,0,0,0.35632207971653196,14.283466666666667,-0.9683195849089621
Ctr,1.0165333333333333,5,5,i thought it was very well thought out and i found it enjoyable and visually pleasing,3,0,1,0,0,0,0,1,0,0,1,0,0,-1.36385347753569,7.74095,-1.0164938417771403
Ctr,0.42336666666666667,5,6,"Very explorative, just testing out the result of different interventions without particular strategy",4,0,0,0,0,1,1,1,0,0,0,0,1,-0.503765698909579,21.4957,-0.8295576543129561
Exp,17.432816666666668,6,7,I thought it was a fun strategic game that introduced me to different ways to promoting good traits and diminishing bad traits that one may encounter in daily life.,8,0,1,1,1,0,1,1,1,1,0,0,1,-0.07372180959652354,16.09715,-0.960744929018473
Exp,4.656366666666667,3,3,i found the layout very confusing but this could be because im not used to playing games at all,7,0,1,1,0,1,0,1,1,0,1,1,0,-0.503765698909579,9.244433333333335,-0.6781548147589694
Exp,35.8128,7,2,"I had to play the game for a while until I completely understood what the arrows did the the effect of interventions, for example, for bad things the intervention would affect the other things in an opposite way to the arrow colours. If an arrow would reduce something, doing an intervention on a negative variable, would increase that thing.",10,0,1,1,1,1,1,1,1,1,1,0,1,0.7863659690295874,16.95553333333333,0.8839446678526701
Ctr,0.44406666666666667,5,6,I focussed on the educational aspect and health as they seemed to have several positive effects. I enjoyed the visuals of the presentation although found the arrows a little confusing and when i moved any of the bubbles it would make the whole thing look like a mess.,6,1,0,0,0,1,0,1,1,0,1,0,1,-0.07372180959652354,12.219233333333333,-0.032803697239205655
Exp,1.2353999999999998,6,6,I didn't really have a strategy and it took me a while to get the hang of it,8,0,1,1,0,1,1,1,0,1,1,1,0,-0.9338095882226345,15.4622,-1.2677319361527561
Ctr,0.35568333333333335,4,4,"It was very confusing, I didn't know what to expect and instructions were unclear. I think this software could be very helpful to see a chain of effects as a result of certain behaviours. I did not have a strategy as I didn't know what the aim was or what I was trying to achieve.",0,0,0,0,0,0,0,0,0,0,0,0,0,-0.07372180959652354,28.40823333333333,-0.13324909247303626
Exp,2.48165,5,6,"I found it quite confusing, when the computer beat me in a task it was not really explained why. However, I developed a sort-of strategy of trying to find the thickest lines or correlation between traits and work with those, or look at traits that had another linkage in common. The presentation was confusing, but I think that was the point.",9,0,1,1,1,1,1,1,1,1,1,0,0,1.216409858342643,23.32055,0.02984951513886395
Exp,6.4127,5,6,"Thinking logically helped me the most, and after a while you tend to start memorising what affects what which makes it easier",9,0,1,1,1,1,1,1,1,0,0,1,1,1.216409858342643,9.26965,0.33160594010153416
Ctr,0.37965,6,6,It was interesting to look at the interactions between a range of different things which effect day to day life,7,1,0,0,0,0,1,1,0,1,1,1,1,0.7863659690295874,23.436249999999998,0.6050346283196382
Ctr,0.81015,5,3,I did not have a strategy.,7,0,1,1,0,1,1,1,1,0,1,0,0,-1.36385347753569,10.7093,-1.1704541706296014
Ctr,0.18001666666666666,5,5,really enjoyed it,10,1,1,0,1,1,0,1,1,1,1,1,1,-1.7938973668487455,9.567450000000001,-1.2568310286336524
Ctr,0.5505,4,5,It was quite confusing but was interesting layout e.g. not just words on a screen,4,1,1,0,0,1,0,1,0,0,0,0,0,-1.36385347753569,19.252966666666666,0.18655559782357325
Ctr,6.139083333333334,7,7,It was very interesting to see how one thing can affect many others. We are usually not aware of all the consequences of an action and this software makes you really understand this,7,0,0,0,0,1,1,1,1,1,1,0,1,-0.9338095882226345,18.662750000000003,1.0819669538303258
Exp,4.9314,6,6,The software was really intriguing and an interesting way of approaching mental and physical health. It was difficult to see some of the arrows as were small or hidden by other arrows.,9,1,1,1,0,0,1,1,1,1,0,1,1,0.7863659690295874,16.801116666666665,-1.2183997826553896
Ctr,7.2851333333333335,3,5,"The rapid change of arrows felt somewhat overwhelming when I would make certain interventions, which made it difficult to follow at times.",6,1,0,1,0,1,1,1,1,0,0,0,0,-1.36385347753569,27.811433333333337,0.9087281596898773
Exp,48.027,7,6,"I really enjoyed the software, especially the layout showing how interlinked all the various traits are and the multitude of effects each intervention can have.",9,0,1,1,1,1,1,1,0,0,1,1,1,0.7863659690295874,14.423233333333334,0.7559988908205022
Ctr,9.227566666666666,4,3,I think the effects are not quite memorable because the animation of how things interact is too quick and lacks explanation so I did not quite catch up with it.,8,1,1,1,1,1,0,1,1,0,1,0,0,1.6464537476556984,30.704633333333334,1.3698087563587948
Ctr,0.8636,7,6,Increasing education and exercise in order to promote healthy sleeping scheduled and to keep bmi and heart illness down.,1,0,0,0,0,0,0,0,0,0,0,0,1,-1.36385347753569,8.765566666666667,-0.48810152327701484
Exp,2.0206500000000003,6,6,"initially I did not have a strategy, but as the game processed I started producing patterns for the same issues. at the start the software was confusing, I didn't grasp the concept especially once upgraded to making two interventions but as I was exposed to it more, I got the hang of it. it was fun as it was highly interactive and engaging",9,1,1,1,0,1,0,1,1,1,1,0,1,-0.503765698909579,17.274433333333334,0.06037919108088423
Ctr,0.16743333333333332,5,6,The visual of the software made it clear how these aspects of life are intertwined even more than we tend to comprehend. One change would set off multiple others and drastically alter the system.,8,0,0,0,1,1,1,1,1,1,1,0,1,1.216409858342643,10.3775,-0.026445080950567825
Exp,12.56145,2,2,"I didn't like the game and I don't feel like I learned much, the whole thing was a bit confusing for me and I was at some point only looking at arrows and how they should work instead of thinking about the actual effect and learning from the game",2,0,0,0,0,0,0,1,1,0,0,0,0,0.7863659690295874,14.107850000000001,-0.0352740942515566
Exp,6.677449999999999,6,6,Enjoyed finding how to reduce/increase certain traits although I didn't have a proper strategy apart from trial and error. I clicked the wrong button once which prevented me from achieving what I wanted.,8,1,1,1,0,1,1,1,0,0,0,1,1,1.6464537476556984,14.019,0.526263786021071
Ctr,0.6029333333333333,3,3,"At first I found it a little confusing to work and didn't really understand the aims behind it. However, once I started seeing how the relationships could change through modifying certain things, I felt there was more purpose to what I was doing and understood the relationships far better.",4,1,0,0,0,0,1,1,0,0,0,1,0,-0.503765698909579,13.822333333333335,0.5984282053920977
Ctr,0.5570833333333333,6,5,I don't think I fully understood how to use it. It was interesting to see how different mental health outcomes are influenced by health choices.,5,0,1,0,0,1,0,0,1,0,1,0,1,-1.36385347753569,21.014799999999997,-0.37234033416523626
Exp,18.56978333333333,7,6,"started to memorize what influenced what and used that in future strategies, very engaging",10,1,0,1,1,1,1,1,1,1,0,1,1,1.216409858342643,14.970483333333334,-0.3685346066301999
Ctr,4.8364,5,2,Bit confusing,2,0,1,0,0,0,0,1,0,0,0,0,0,-0.9338095882226345,24.274033333333332,-0.14317395638521085
Exp,11.032116666666667,2,2,I found the system confusing but was useful to have the computer there. I wasn't able to click education,1,0,1,0,0,0,0,0,0,0,0,0,0,-2.223941256161801,7.127383333333333,-1.0367297231439034
Exp,53.63998333333333,1,1,"I did not understand how the game worked, so by the end I was just playing it randomly. The game itself looked very interesting but the instructions need to be clearer.",5,0,1,0,1,0,0,1,1,0,0,0,1,1.216409858342643,12.968383333333332,0.6520493032083191
Ctr,2.3845,5,5,No strategy; very nice graphics,6,0,0,0,0,1,1,1,1,1,1,0,0,0.7863659690295874,22.262983333333334,1.1584983084034948
Exp,11.786933333333334,7,6,The tutorial got me to be familiar with the task and increased my accuracy in later levels.,9,1,1,1,1,1,1,1,0,1,0,0,1,1.216409858342643,14.202683333333335,-0.8293955797028955
Exp,28.492966666666668,7,5,I did have a strategy to use the arrows to guide me. It was frustrating because I didn't understand why certain policies would have certain effects. Loneliness on wellbeing seemed odd. Presentation was alright.,7,1,1,1,0,1,0,1,1,0,0,0,1,-0.9338095882226345,17.305,0.5871511145367374
Exp,20.315116666666665,6,6,Engaging. It actually interested me when different interventions effect different traits etc,7,1,0,0,1,1,1,1,1,0,1,0,0,-0.9338095882226345,12.88475,0.5796740706498282
Ctr,7.641933333333333,4,6,Confusing. What was the task?,2,0,0,0,0,0,0,1,1,0,0,0,0,0.7863659690295874,12.99195,-0.8080024756285284
Exp,6.939283333333334,3,6,Tried to follow the instructions as best as I could but got confused a few times,5,1,0,0,0,1,1,1,1,0,0,0,0,-0.503765698909579,49.063183333333335,0.058994376746817394
Exp,17.124483333333334,6,6,"I made a mental note of the computer's winning responses and made sure to choose those options when they came up again. It would have been nice to be able to have a closer image of the game, or an interactive zoom option. Additionally, It would have been motivating and interesting to see the scores tallied between the computer and the player. I thought the music was a good balance of soft and continuous, providing an immersive experience without being distracting.",7,0,1,1,1,0,1,1,0,0,0,1,1,0.7863659690295874,10.514416666666667,-0.7999200978882723
Ctr,0.7664333333333333,5,5,I donot have a strategy,10,1,1,1,1,1,0,0,1,1,1,1,1,1.6464537476556984,16.66893333333333,-0.8835233398769484
Ctr,0.4705833333333333,2,1,didnt really understand it at all,0,0,0,0,0,0,0,0,0,0,0,0,0,-0.9338095882226345,10.711933333333333,-1.0839960887926776
Exp,3.303366666666667,6,5,"I used trial and error, but it was useful",8,1,1,1,1,1,1,1,0,0,0,0,1,-0.503765698909579,17.050266666666666,0.40680931345223426
Exp,19.330766666666666,3,2,I found the software challenging to use. As i thought i was understanding it I would then go a step back and not understand,6,1,1,0,0,1,0,1,1,0,1,0,0,1.6464537476556984,13.280116666666666,-1.0443825145281633
Ctr,0.7229666666666666,6,5,"Didn't really have a specific strategy, just tried clicking different traits to see how this influenced other traits. I tried clicking the same intervention several times, e.g. Depression, to see how much it would increase/reduce certain traits by - intervening on Depression seemed to influence all other traits, whereas intervening on other traits only influenced a select few of the other traits. Education influenced many traits, particularly Intelligence. I liked the way the arrows increased with speed as traits were repeatedly influenced, but sometimes it was so fast that you couldn't focus on which traits were being changed as a result of your intervention.",6,0,0,0,0,1,1,1,1,0,1,0,1,0.7863659690295874,17.465016666666667,0.8994258599422337
Ctr,0.29855,5,5,"I liked the presentation of the software, however think there could of been clearer instructions and tasks to do. It was interesting to see what decreasing alcohol intake did to intelligence as well as BMI",4,0,0,0,0,1,0,1,0,0,0,1,1,-0.07372180959652354,15.2258,-0.026445080950567825
Exp,27.434016666666665,5,6,I used the arrows to guide which intervention to select. I also thought of which would apply most in the real world. I liked the interactive diagram it was easy to follow,4,0,1,0,1,0,1,1,0,0,0,0,0,0.7863659690295874,10.825333333333333,-0.4538684557238543
Ctr,5.314583333333333,4,5,"It was crazy to see how one thing could have an effect on so many other things (for example by just decreasing depression by 1% we decreased neuroticism, worry, loneliness, insomnia leading to an increase in wellbeing which in turn led to an increase/decrease in many more aspects). Having experienced mental health problems and having seen a massive increase in overall wellbeing myself my strategy at the beginning was to decrease depression, worry and loneliness to visually see how that has an effect on other domains. I then focused on additions rather than subtractions (e.g. increasing education). Although I was already aware of the effects (e.g. decreasing alcohol consumption decreasing insomnia, BMI etc.) the presentation makes it easier to make the links between all these things (especially if you're a visual learner like me) and personally I've found it useful especially since you can see percentages too.",5,0,0,1,0,0,1,1,1,0,1,0,0,0.7863659690295874,17.17393333333333,0.9437072552276005
Ctr,0.6502833333333334,2,2,I found the software very confusing and difficult to operate. I didn't have a strategy other than trying to investigate the individual items that were shown.,3,0,0,0,0,1,0,1,0,0,1,0,0,-0.07372180959652354,23.99925,0.23569435226353824
Exp,25.816883333333333,6,5,I really enjoyed the presentation of the task and the music and overall appearance. I felt a sense of achievement when I did beat the computer and this did motivate me to do better on the next task. I was a bit confused on some tasks that I did not manage to have an effect on the objective even though I felt the options I has selected would have an effect.,10,0,1,1,1,1,1,1,1,0,1,1,1,0.35632207971653196,13.803633333333332,1.0170517356014894
Ctr,0.5231833333333333,6,6,"presentation was really nice- really cool to see the links between all the traits at once and all their interconnections. Didn't have a strategy, just explored, nothing prevented me from achieving what i wanted.",4,1,0,0,0,0,0,1,0,0,0,1,1,1.216409858342643,21.7837,-0.45011941798572325
Ctr,0.32894999999999996,6,3,"I found it really confusing. The more I played around with it, the more clear it became but I still struggled. I therefore didn't really have a strategy",4,0,1,0,0,1,0,1,0,0,1,0,0,-2.223941256161801,13.320950000000002,1.1301812715686816
Exp,62.28418333333333,5,3,I tried to reduce one item in order to have a domino effect to achieve the desired effect but this did not always work. Education was generally a go to as it affected many different traits. I though the space background was both entertaining and distracting/didn't fit the theme of the task.,8,0,1,1,1,1,0,1,1,1,0,0,1,0.35632207971653196,53.75383333333333,0.47235759867155863
Ctr,0.5597666666666666,5,3,"I didn't quite know what I was doing most of the time, but in the end I kept clicking education which got bigger and reduced a lot of the things classified as bad. I had no strategy, I just clicked the 'good' things as I didn't quite know what I was doing despite reading the instructions. the presentation was a bit confusing, it could have been a bit clearer, taking up the whole screen with not so many arrows",7,1,1,0,1,1,0,1,1,0,1,0,0,-0.07372180959652354,12.535533333333335,0.7974014203706674
Ctr,7.46315,6,5,"I did not really understand what we were supposed to do, and wasn't sure if I was doing the right this, but was fun. It all seemed like common sense, but you don't really realise how many things can affect or be affected by one this. Presentation was fairly good, maybe bigger scale?",6,1,1,0,0,1,0,1,0,1,0,1,0,1.216409858342643,23.474833333333333,0.6414378792743473
Exp,28.1915,6,5,"At first I was quite confused as to what I was doing but after level 2 I understood more. I found that for worry, depression and loneliness I understood it more as I know what increases and reduces it from personal experience, which also means I found these effects the most memorable.",8,0,1,1,1,0,1,1,0,1,1,1,0,-0.07372180959652354,22.31405,0.09906076103351857
Exp,17.69895,6,6,i really liked the music and the look of the software - i found it very engaging and it worked very smoothy. my strategy was to follow the arrows as much as i could. it was sometimes difficult when you couldn't select a certain one. i also tried to memorise the times the computer beat me and did what the computer did if the same goal came up again.,8,0,1,1,1,1,1,1,1,0,0,1,0,1.216409858342643,26.046100000000003,1.2045833812602278
Ctr,10.463799999999999,5,5,"no strategy, education had a noticeable impact on majority of the bad items",5,1,1,0,0,1,1,1,0,0,0,0,0,-0.9338095882226345,18.368433333333332,-0.26166464126922273
Exp,25.647850000000002,6,6,"Some effects did not seem correlated at all, and I did find myself confused at first.",8,1,1,0,1,1,1,1,1,0,0,0,1,-0.07372180959652354,12.679416666666667,1.4862819871783897
Ctr,0.3204666666666667,6,4,i thought it was very visually pleasing that made it seem more like a game therefore it was more interactive and so i felt more inclined to try things out.,6,0,1,0,0,1,0,1,1,0,0,1,1,-0.07372180959652354,20.536833333333334,-1.4391153242670014
Exp,17.778983333333333,5,2,"I had a strategy to choose the factor I thought would be influential first, then others that link to that. I did find the design of the game a little confusing, though.",8,1,1,0,1,1,1,1,1,0,0,0,1,-2.223941256161801,8.878983333333334,0.5520435913292571
Ctr,3.4379666666666666,5,5,Found it a bit confusing but interesting,7,1,1,0,0,1,1,1,0,1,1,0,0,0.35632207971653196,13.999783333333333,0.21064041521574287
Ctr,3.1095166666666665,7,5,I didn't understand what I was supposed to do with the software.,2,0,0,0,0,0,0,1,1,0,0,0,0,-0.9338095882226345,13.967233333333333,-1.0126185909412095
Ctr,0.9103666666666667,2,3,no,9,1,1,1,1,1,0,1,1,1,1,0,0,-0.07372180959652354,20.851816666666664,-1.3020597117547714
Exp,1.7401333333333333,5,5,"I found the game difficult to understand, and couldn't work out a strategy that worked for me.",8,1,1,1,0,1,1,1,1,0,1,0,0,1.216409858342643,11.521866666666666,0.5354717559869779
Exp,36.97221666666667,5,2,"To be honest, I found the software a bit confusing. Sometimes I won even though I accidentally lowered/increased a specific trait/behaviour when I was supposed to do the opposite. Some effects did not really make sense to me and sometimes it was not possible to affect a trait in a specifc way - or it was and I did not understand how to. I did like the concept of competing against a computer and having to find the best interventions etc, though. I feel like if I understood the game better, I would have memorized the effects. I always judged based on the causal relationships. As soon as it was possible to select multiple interventions, I tried to see what affects a specific trait directly and indirectly (and how).",7,1,1,1,0,1,0,1,1,0,0,0,1,1.216409858342643,31.911966666666665,0.41181953218744405
Ctr,6.3952,5,6,"It was interesting to use and made key relationships easy to explore. I did find it difficult to understand the overarching aim of the software and what my true 'goal' was. I thought it was memorable, as the relationships were shown in a visually appealing way that caught my attention.",6,1,0,0,0,1,1,1,0,0,1,0,1,-0.503765698909579,18.9767,0.2606222799131721
Ctr,0.29736666666666667,7,5,Reduced all bad traits first,9,0,0,1,0,1,1,1,1,1,1,1,1,-0.07372180959652354,17.1782,-0.8048905519448126
Exp,39.3058,6,5,I just tried to think of what would make the most impact and kept note of what the computer used. I waas surprised how some things linked more than others.,6,1,1,1,1,1,0,0,0,0,0,0,1,0.7863659690295874,40.2801,0.3628910233796966
Exp,12.703333333333335,6,6,EDUCATION ALWAYS IMPOVED INTELLIGENCE,6,0,1,0,0,1,0,1,1,0,1,0,1,-2.223941256161801,8.865383333333334,-0.652066728134832
Exp,5.987183333333333,5,3,The format was a good motivator,2,0,0,0,0,0,0,1,1,0,0,0,0,0.35632207971653196,15.8562,-0.3461380048150295
Exp,31.471383333333332,6,7,"In terms of strategy, I tried to make the biggest changes in the least moves possible. I liked how the effects weren't always that obvious and you had to think about how slight changes can make an impact on more than one thing. thought the game layout and system was great :)",10,1,1,1,1,1,1,1,1,0,1,0,1,-0.503765698909579,17.2717,0.36097531620307444
Exp,28.164383333333333,6,5,"It took me a little time to get the hang of the game, and sometimes it was a challenge to influence something indirectly. Placing the game in space is an interesting choice, I'm not sure why it was done, although it is an appealing background, but perhaps does not aid clarity. I like the music.",9,0,1,1,1,1,1,1,1,0,1,0,1,-0.9338095882226345,9.364149999999999,0.38552486656740226
Ctr,1.3503833333333333,6,6,not really. i think it was very exciting and i enjoyed it,6,1,1,0,1,0,1,1,0,1,0,0,0,-0.07372180959652354,20.012816666666666,-0.4728509540505123
Ctr,0.7624333333333334,2,2,Not sure it worked properly for me as i was using a tablet so couldn’t ‘hover’ so was just clicking (pretty randomly) and seeing what changed and what had effects in what,5,0,0,1,0,1,1,1,0,0,1,0,0,0.35632207971653196,26.175666666666668,-0.821535355984896
Ctr,0.31534999999999996,6,6,"At first I hovered over the negative traits and followed lines of causation (what they were caused by). Then I tried to find common links between causes of bad traits, in order to reduce them. Increasing education had one of the most positive effects in reducing negative traits and increasing positive ones. I enjoyed the user interface and the challenge of the software.",9,1,1,0,1,1,1,1,1,0,1,0,1,0.35632207971653196,8.449216666666667,-0.8203129039266475
Exp,21.758716666666665,5,5,"I found it very mesmerising but challenging at times, I pressed the icons that I thought was related to the task.",9,1,0,0,1,1,1,1,1,0,1,1,1,-0.503765698909579,13.56225,-0.5608400067360664
Ctr,7.55945,7,4,"I thought that it was really engaging and interesting. I manipulated postive areas e.g ""education"" to notice the impact of an increase education, and also tried the other approach of trying to reduce negative ones such as ""insomnia"", which is probably less practical, but the impact was dramatic in terms of mental health outcomes. I think it could be improved with more prompts in the UI or help section. The only limitation was not being able manipulate all areas easily with interventions. So interesting and fun though!",7,1,0,1,0,1,0,1,0,1,0,1,1,-0.503765698909579,25.404433333333333,0.1524697577802905
Ctr,3.8630833333333334,6,5,"I did not have a strategy, I just pressed the buttons to see what would happen in each occasion. I found it memorable that when education increases, BMI,exercise, neuroticism and smoking habits decrease, while intelligence, social interactions and coffee consumption increase",5,1,0,0,0,1,0,1,1,0,0,0,1,-0.07372180959652354,23.214033333333337,0.5325512279212914
Exp,48.69253333333334,4,4,I have a strategy when the experiment go into later. I don't know how to conduct it at the beggining,12,1,1,1,1,1,1,1,1,1,1,1,1,-3.084029034787912,8.46945,-0.6576177260757317
Exp,33.66446666666666,6,6,"My method mostly involved memorising the computer's tac tics. Thought some of the game was a bit confusing e.g., what does eveningness mean? I was also mislead/confused about using interventions for emotions - i didn't realise you could intervene on 'wellbeing', 'depression', 'loneliness' etc. until a lot later in the game (though learning). It was interesting to see which combinations were the most effective.",8,0,1,0,1,1,1,1,1,0,1,0,1,1.216409858342643,21.676716666666668,0.012980769435319263
Ctr,1.3769166666666666,1,1,I found the package very interactive and easy to use. It was fun. I liked the visualisation of the intevrentions,2,0,0,0,0,0,0,0,0,0,1,0,1,-0.503765698909579,8.752183333333333,-1.688636315840042
Exp,26.542433333333335,4,3,"I found it difficult to understand how to play, and what was asked of us. The graphics didn't make too much sense, I was confused by the arrows and I wasn't sure what I had to do. I was discovering the game as i was playing. Overall, it was stimulating because I have learnt some things about public health policies and which are best for a specific issue.",6,0,1,0,1,1,0,1,0,0,1,1,0,-1.7938973668487455,18.282083333333333,-0.4351865987026296
Exp,31.7235,5,5,I tried pick the interventions that are most effective,9,0,1,1,1,1,1,1,1,0,1,1,0,-1.36385347753569,9.469116666666668,-0.5025244764157899
Ctr,4.879016666666667,7,6,"The strategy adopted was to focus on core interventions, before focusing in on smaller elements to mitigate the side-effects of larger interventions and further enhance their strength",6,1,0,0,0,1,1,1,0,0,1,1,0,0.35632207971653196,30.24775,0.34628908968203553
Ctr,1.4093833333333332,6,2,"It felt a bit buggy at times, but enjoyed the reactions and ease of access",7,0,0,0,1,1,1,1,1,1,0,1,0,-0.9338095882226345,18.747833333333336,0.6468693788837954
Exp,31.473850000000002,6,5,"At first, it is a little bit confused about the blue line and read line as well as how these traits are influenced by each other. I tried to remember some answers (best strategies of computer) and analyse it, that is really helpful.  I am impressed that alcohol could improve evenings, education would increase many good traits.  One thing that really confused me is the interaction of increase and decrease, as these lines are very complicated.",9,1,1,0,1,1,1,1,1,0,1,0,1,-0.07372180959652354,21.8632,0.5298067307482391
Ctr,0.34126666666666666,6,6,"the sounds were interesting, the presentation was intense",9,1,1,1,0,1,1,1,1,1,0,0,1,0.7863659690295874,24.699033333333333,0.35806363888944764
Exp,15.533866666666666,6,6,didn't feel anything was at stake so had no trouble guessing without mercy,7,1,0,0,0,1,1,1,1,0,0,1,1,-0.9338095882226345,44.10786666666666,-0.9195473904594211
Exp,22.43315,6,6,"To start with I was intervening on things that were closely linked to the objective, but after a while I realised that intervening on more indirect things such as loneliness would have a bigger knock-on effect. I thought the presentation of the game was quite nice, visual design was pleasing, there was humour in the instructions and the music was calming.",10,0,1,1,1,1,1,1,0,1,1,1,1,1.216409858342643,19.678449999999998,1.3925132233893924
Exp,2.8814333333333333,6,5,I found it distracting that the effect of one intervention would flash all over the place while I was trying to choose another,10,1,1,1,1,1,1,1,1,0,0,1,1,-0.503765698909579,8.5593,-0.9912096571739853
Ctr,0.5906833333333333,7,7,"I enjoyed clicking on different elements and seeing their effect. However, some effects happened so quickly that it was hard to follow and I did not find all interactions particularly memorable.",3,0,0,0,0,1,0,1,0,0,0,0,1,0.7863659690295874,12.137783333333335,-0.4213148215761535
Exp,30.662933333333335,5,4,I kind of form some strategy but it doesn't always work. About level 5 I finally realize some policy are memorable.,9,1,1,1,1,1,1,1,1,0,0,0,1,-0.503765698909579,21.535916666666665,-0.05219308566839366
Ctr,1.4757166666666668,4,3,Intuitive choices,6,0,0,1,0,1,1,1,0,0,1,1,0,-0.07372180959652354,20.460166666666666,-0.8405972366514964
Exp,31.585616666666667,6,5,I tried to remember the answers. I was a bit confused about which traits impacted on each other as there was a lot of detail in the diagram. But the presentation and sounds etc made it enjoyable.,10,1,1,1,0,1,1,1,1,1,0,1,1,1.6464537476556984,22.270916666666665,0.8683862640485647
Ctr,16.30695,5,6,"I was mostly motivated through my curiosity to see causal relationships. However, curiosity soon subsided and lack of goal or challenge made me lose interest. Perhaps if I had a limited number of ""interventions"" to try have the greatest impact I would be more invested. I liked seeing the ""chain reaction"" especially as it sped up on the more effective interventions. Presentation was good. It would of been nice to be able to rotate the simulation to orientate it how I rather than just dragging the traits (I'm aware this is quite a tall order).",6,1,0,0,0,1,0,1,1,0,0,1,1,0.35632207971653196,49.25384999999999,1.3271854737034883
Exp,30.975283333333334,3,4,INtriguing - music made it more of an adventure. Fun to play with.,10,1,0,0,1,1,1,1,1,1,1,1,1,-0.9338095882226345,13.698466666666667,0.1805349999120881
Exp,26.78585,6,7,I looked at the strength and sequence of arrows,8,1,1,1,1,1,1,1,1,0,0,0,0,1.216409858342643,20.05005,0.2710624001512244
Ctr,10.749333333333334,7,7,"It’s very interesting and funny. However, I think a few more trait can be added such as obrsity, fear and altruism to make this system more complete.",8,0,0,0,1,1,1,1,0,1,1,1,1,-0.503765698909579,23.3548,0.803561552328605
Exp,2.8499833333333333,4,5,It is a good idea to play with the game to in order to increase fancy and fun.,8,1,0,1,0,1,1,1,0,0,1,1,1,-2.223941256161801,19.728616666666667,-0.6180113444549594
